ID,ShowName,Name,BattleID,PrecedentID,Energy,DailyTimes,Level,FreePotionCount,Experience,Kill,MonsterID,Time,Pet,Buff,GS,Potion,PotionID,MinRole,MaxRole,NoSkill,Combo,Cri,Check0,Check1,Check2,Check3,Check4,Check5,Check6,Check7,Check8,Check9
11011,受袭击的补给通道,0-1,1,-1,5,10,0,0,88,3,0,0,0,0,0,0,0,0,0,0,0,0,Kill~Time~Pet~Buff~GS~Potion~MinRole~MaxRole~NoSkill~Combo~Cri,,,,,,,,,
11012,受袭击的补给通道,0-1,1,11061,7,5,0,0,123,3,0,0,0,0,0,0,0,0,0,0,0,0,Kill~Time~Pet~Buff~GS~Potion~MinRole~MaxRole~NoSkill~Combo~Cri,,,,,,,,,
11013,受袭击的补给通道,0-1,1,11062,10,3,0,0,176,3,0,0,0,0,0,0,0,0,0,0,0,0,Kill~Time~Pet~Buff~GS~Potion~MinRole~MaxRole~NoSkill~Combo~Cri,,,,,,,,,
11021,深入补给通道,0-1,1,11011,5,10,0,0,106,3,0,0,0,0,0,0,0,0,0,0,0,0,Kill~Time~Pet~Buff~GS~Potion~MinRole~MaxRole~NoSkill~Combo~Cri,,,,,,,,,
11022,深入补给通道,0-1,1,11012,7,5,0,0,148,3,0,0,0,0,0,0,0,0,0,0,0,0,Kill~Time~Pet~Buff~GS~Potion~MinRole~MaxRole~NoSkill~Combo~Cri,,,,,,,,,
11023,深入补给通道,0-1,1,11013,10,3,0,0,212,3,0,0,0,0,0,0,0,0,0,0,0,0,Kill~Time~Pet~Buff~GS~Potion~MinRole~MaxRole~NoSkill~Combo~Cri,,,,,,,,,
11031,废弃的矿坑,0-1,1,11021,5,10,0,0,119,3,0,0,0,0,0,0,0,0,0,0,0,0,Kill~Time~Pet~Buff~GS~Potion~MinRole~MaxRole~NoSkill~Combo~Cri,,,,,,,,,
11032,废弃的矿坑,0-1,1,11022,7,5,0,0,166,3,0,0,0,0,0,0,0,0,0,0,0,0,Kill~Time~Pet~Buff~GS~Potion~MinRole~MaxRole~NoSkill~Combo~Cri,,,,,,,,,
11033,废弃的矿坑,0-1,1,11023,10,3,0,0,238,3,0,0,0,0,0,0,0,0,0,0,0,0,Kill~Time~Pet~Buff~GS~Potion~MinRole~MaxRole~NoSkill~Combo~Cri,,,,,,,,,
11041,矿坑二层,0-1,1,11031,5,10,0,0,131,3,0,0,0,0,0,0,0,0,0,0,0,0,Kill~Time~Pet~Buff~GS~Potion~MinRole~MaxRole~NoSkill~Combo~Cri,,,,,,,,,
11042,矿坑二层,0-1,1,11032,7,5,0,0,183,3,0,0,0,0,0,0,0,0,0,0,0,0,Kill~Time~Pet~Buff~GS~Potion~MinRole~MaxRole~NoSkill~Combo~Cri,,,,,,,,,
11043,矿坑二层,0-1,1,11033,10,3,0,0,262,3,0,0,0,0,0,0,0,0,0,0,0,0,Kill~Time~Pet~Buff~GS~Potion~MinRole~MaxRole~NoSkill~Combo~Cri,,,,,,,,,
11051,矿坑三层,0-1,1,11041,5,10,0,0,142,3,0,0,0,0,0,0,0,0,0,0,0,0,Kill~Time~Pet~Buff~GS~Potion~MinRole~MaxRole~NoSkill~Combo~Cri,,,,,,,,,
11052,矿坑三层,0-1,1,11042,7,5,0,0,198,3,0,0,0,0,0,0,0,0,0,0,0,0,Kill~Time~Pet~Buff~GS~Potion~MinRole~MaxRole~NoSkill~Combo~Cri,,,,,,,,,
11053,矿坑三层,0-1,1,11043,10,3,0,0,284,3,0,0,0,0,0,0,0,0,0,0,0,0,Kill~Time~Pet~Buff~GS~Potion~MinRole~MaxRole~NoSkill~Combo~Cri,,,,,,,,,
11061,突击队队长室,0-1,1,11051,6,10,0,0,174,3,0,0,0,0,0,0,0,0,0,0,0,0,Kill~Time~Pet~Buff~GS~Potion~MinRole~MaxRole~NoSkill~Combo~Cri,,,,,,,,,
11062,突击队队长室,0-1,1,11052,8,5,0,0,243,3,0,0,0,0,0,0,0,0,0,0,0,0,Kill~Time~Pet~Buff~GS~Potion~MinRole~MaxRole~NoSkill~Combo~Cri,,,,,,,,,
11063,突击队队长室,0-1,1,11053,12,3,0,0,348,3,0,0,0,0,0,0,0,0,0,0,0,0,Kill~Time~Pet~Buff~GS~Potion~MinRole~MaxRole~NoSkill~Combo~Cri,,,,,,,,,
12011,埃尔库斯森林,0-1,2,11061,5,10,0,0,161,3,0,0,0,0,0,0,0,0,0,0,0,0,Kill~Time~Pet~Buff~GS~Potion~MinRole~MaxRole~NoSkill~Combo~Cri,,,,,,,,,
12012,埃尔库斯森林,0-1,2,12061,7,5,0,0,225,3,0,0,0,0,0,0,0,0,0,0,0,0,Kill~Time~Pet~Buff~GS~Potion~MinRole~MaxRole~NoSkill~Combo~Cri,,,,,,,,,
12013,埃尔库斯森林,0-1,2,12062,10,3,0,0,322,3,0,0,0,0,0,0,0,0,0,0,0,0,Kill~Time~Pet~Buff~GS~Potion~MinRole~MaxRole~NoSkill~Combo~Cri,,,,,,,,,
12021,暴躁的东部山丘,0-1,2,12011,5,10,0,0,170,3,0,0,0,0,0,0,0,0,0,0,0,0,Kill~Time~Pet~Buff~GS~Potion~MinRole~MaxRole~NoSkill~Combo~Cri,,,,,,,,,
12022,暴躁的东部山丘,0-1,2,12012,7,5,0,0,238,3,0,0,0,0,0,0,0,0,0,0,0,0,Kill~Time~Pet~Buff~GS~Potion~MinRole~MaxRole~NoSkill~Combo~Cri,,,,,,,,,
12023,暴躁的东部山丘,0-1,2,12013,10,3,0,0,340,3,0,0,0,0,0,0,0,0,0,0,0,0,Kill~Time~Pet~Buff~GS~Potion~MinRole~MaxRole~NoSkill~Combo~Cri,,,,,,,,,
12031,解救西北部山丘,0-1,2,12021,5,10,0,0,178,3,0,0,0,0,0,0,0,0,0,0,0,0,Kill~Time~Pet~Buff~GS~Potion~MinRole~MaxRole~NoSkill~Combo~Cri,,,,,,,,,
12032,解救西北部山丘,0-1,2,12022,7,5,0,0,249,3,0,0,0,0,0,0,0,0,0,0,0,0,Kill~Time~Pet~Buff~GS~Potion~MinRole~MaxRole~NoSkill~Combo~Cri,,,,,,,,,
12033,解救西北部山丘,0-1,2,12023,10,3,0,0,356,3,0,0,0,0,0,0,0,0,0,0,0,0,Kill~Time~Pet~Buff~GS~Potion~MinRole~MaxRole~NoSkill~Combo~Cri,,,,,,,,,
12041,探秘岩石精灵洞窟,0-1,2,12031,5,10,0,0,186,3,0,0,0,0,0,0,0,0,0,0,0,0,Kill~Time~Pet~Buff~GS~Potion~MinRole~MaxRole~NoSkill~Combo~Cri,,,,,,,,,
12042,探秘岩石精灵洞窟,0-1,2,12032,7,5,0,0,260,3,0,0,0,0,0,0,0,0,0,0,0,0,Kill~Time~Pet~Buff~GS~Potion~MinRole~MaxRole~NoSkill~Combo~Cri,,,,,,,,,
12043,探秘岩石精灵洞窟,0-1,2,12033,10,3,0,0,372,3,0,0,0,0,0,0,0,0,0,0,0,0,Kill~Time~Pet~Buff~GS~Potion~MinRole~MaxRole~NoSkill~Combo~Cri,,,,,,,,,
12051,深入洞窟二层,0-1,2,12041,5,10,0,0,194,3,0,0,0,0,0,0,0,0,0,0,0,0,Kill~Time~Pet~Buff~GS~Potion~MinRole~MaxRole~NoSkill~Combo~Cri,,,,,,,,,
12052,深入洞窟二层,0-1,2,12042,7,5,0,0,271,3,0,0,0,0,0,0,0,0,0,0,0,0,Kill~Time~Pet~Buff~GS~Potion~MinRole~MaxRole~NoSkill~Combo~Cri,,,,,,,,,
12053,深入洞窟二层,0-1,2,12043,10,3,0,0,388,3,0,0,0,0,0,0,0,0,0,0,0,0,Kill~Time~Pet~Buff~GS~Potion~MinRole~MaxRole~NoSkill~Combo~Cri,,,,,,,,,
12061,古代岩石巨人,0-1,2,12051,6,10,0,0,234,3,0,0,0,0,0,0,0,0,0,0,0,0,Kill~Time~Pet~Buff~GS~Potion~MinRole~MaxRole~NoSkill~Combo~Cri,,,,,,,,,
12062,古代岩石巨人,0-1,2,12052,8,5,0,0,327,3,0,0,0,0,0,0,0,0,0,0,0,0,Kill~Time~Pet~Buff~GS~Potion~MinRole~MaxRole~NoSkill~Combo~Cri,,,,,,,,,
12063,古代岩石巨人,0-1,2,12053,12,3,0,0,468,3,0,0,0,0,0,0,0,0,0,0,0,0,Kill~Time~Pet~Buff~GS~Potion~MinRole~MaxRole~NoSkill~Combo~Cri,,,,,,,,,
13011,燃烧的山丘,0-1,3,12061,5,10,0,0,209,3,0,0,0,0,0,0,0,0,0,0,0,0,Kill~Time~Pet~Buff~GS~Potion~MinRole~MaxRole~NoSkill~Combo~Cri,,,,,,,,,
13012,燃烧的山丘,0-1,3,13061,7,5,0,0,292,3,0,0,0,0,0,0,0,0,0,0,0,0,Kill~Time~Pet~Buff~GS~Potion~MinRole~MaxRole~NoSkill~Combo~Cri,,,,,,,,,
13013,燃烧的山丘,0-1,3,13062,10,3,0,0,418,3,0,0,0,0,0,0,0,0,0,0,0,0,Kill~Time~Pet~Buff~GS~Potion~MinRole~MaxRole~NoSkill~Combo~Cri,,,,,,,,,
13021,外城封锁线,0-1,3,13011,5,10,0,0,216,3,0,0,0,0,0,0,0,0,0,0,0,0,Kill~Time~Pet~Buff~GS~Potion~MinRole~MaxRole~NoSkill~Combo~Cri,,,,,,,,,
13022,外城封锁线,0-1,3,13012,7,5,0,0,302,3,0,0,0,0,0,0,0,0,0,0,0,0,Kill~Time~Pet~Buff~GS~Potion~MinRole~MaxRole~NoSkill~Combo~Cri,,,,,,,,,
13023,外城封锁线,0-1,3,13013,10,3,0,0,432,3,0,0,0,0,0,0,0,0,0,0,0,0,Kill~Time~Pet~Buff~GS~Potion~MinRole~MaxRole~NoSkill~Combo~Cri,,,,,,,,,
13031,潜入外城一层,0-1,3,13021,5,10,0,0,223,3,0,0,0,0,0,0,0,0,0,0,0,0,Kill~Time~Pet~Buff~GS~Potion~MinRole~MaxRole~NoSkill~Combo~Cri,,,,,,,,,
13032,潜入外城一层,0-1,3,13022,7,5,0,0,312,3,0,0,0,0,0,0,0,0,0,0,0,0,Kill~Time~Pet~Buff~GS~Potion~MinRole~MaxRole~NoSkill~Combo~Cri,,,,,,,,,
13033,潜入外城一层,0-1,3,13023,10,3,0,0,446,3,0,0,0,0,0,0,0,0,0,0,0,0,Kill~Time~Pet~Buff~GS~Potion~MinRole~MaxRole~NoSkill~Combo~Cri,,,,,,,,,
13041,外城二层西侧,0-1,3,13031,5,10,0,0,230,3,0,0,0,0,0,0,0,0,0,0,0,0,Kill~Time~Pet~Buff~GS~Potion~MinRole~MaxRole~NoSkill~Combo~Cri,,,,,,,,,
13042,外城二层西侧,0-1,3,13032,7,5,0,0,322,3,0,0,0,0,0,0,0,0,0,0,0,0,Kill~Time~Pet~Buff~GS~Potion~MinRole~MaxRole~NoSkill~Combo~Cri,,,,,,,,,
13043,外城二层西侧,0-1,3,13033,10,3,0,0,460,3,0,0,0,0,0,0,0,0,0,0,0,0,Kill~Time~Pet~Buff~GS~Potion~MinRole~MaxRole~NoSkill~Combo~Cri,,,,,,,,,
13051,外城二层东侧,0-1,3,13041,5,10,0,0,237,3,0,0,0,0,0,0,0,0,0,0,0,0,Kill~Time~Pet~Buff~GS~Potion~MinRole~MaxRole~NoSkill~Combo~Cri,,,,,,,,,
13052,外城二层东侧,0-1,3,13042,7,5,0,0,331,3,0,0,0,0,0,0,0,0,0,0,0,0,Kill~Time~Pet~Buff~GS~Potion~MinRole~MaxRole~NoSkill~Combo~Cri,,,,,,,,,
13053,外城二层东侧,0-1,3,13043,10,3,0,0,474,3,0,0,0,0,0,0,0,0,0,0,0,0,Kill~Time~Pet~Buff~GS~Potion~MinRole~MaxRole~NoSkill~Combo~Cri,,,,,,,,,
13061,独眼龙托儿波,0-1,3,13051,6,10,0,0,284,3,0,0,0,0,0,0,0,0,0,0,0,0,Kill~Time~Pet~Buff~GS~Potion~MinRole~MaxRole~NoSkill~Combo~Cri,,,,,,,,,
13062,独眼龙托儿波,0-1,3,13052,8,5,0,0,397,3,0,0,0,0,0,0,0,0,0,0,0,0,Kill~Time~Pet~Buff~GS~Potion~MinRole~MaxRole~NoSkill~Combo~Cri,,,,,,,,,
13063,独眼龙托儿波,0-1,3,13053,12,3,0,0,568,3,0,0,0,0,0,0,0,0,0,0,0,0,Kill~Time~Pet~Buff~GS~Potion~MinRole~MaxRole~NoSkill~Combo~Cri,,,,,,,,,
14011,燃烧的城堡一层,0-1,4,13061,5,10,0,0,250,3,0,0,0,0,0,0,0,0,0,0,0,0,Kill~Time~Pet~Buff~GS~Potion~MinRole~MaxRole~NoSkill~Combo~Cri,,,,,,,,,
14012,燃烧的城堡一层,0-1,4,14061,7,5,0,0,350,3,0,0,0,0,0,0,0,0,0,0,0,0,Kill~Time~Pet~Buff~GS~Potion~MinRole~MaxRole~NoSkill~Combo~Cri,,,,,,,,,
14013,燃烧的城堡一层,0-1,4,14062,10,3,0,0,500,3,0,0,0,0,0,0,0,0,0,0,0,0,Kill~Time~Pet~Buff~GS~Potion~MinRole~MaxRole~NoSkill~Combo~Cri,,,,,,,,,
14021,燃烧的城堡二层,0-1,4,14011,5,10,0,0,257,3,0,0,0,0,0,0,0,0,0,0,0,0,Kill~Time~Pet~Buff~GS~Potion~MinRole~MaxRole~NoSkill~Combo~Cri,,,,,,,,,
14022,燃烧的城堡二层,0-1,4,14012,7,5,0,0,359,3,0,0,0,0,0,0,0,0,0,0,0,0,Kill~Time~Pet~Buff~GS~Potion~MinRole~MaxRole~NoSkill~Combo~Cri,,,,,,,,,
14023,燃烧的城堡二层,0-1,4,14013,10,3,0,0,514,3,0,0,0,0,0,0,0,0,0,0,0,0,Kill~Time~Pet~Buff~GS~Potion~MinRole~MaxRole~NoSkill~Combo~Cri,,,,,,,,,
14031,燃烧的城堡三层,0-1,4,14021,5,10,0,0,263,3,0,0,0,0,0,0,0,0,0,0,0,0,Kill~Time~Pet~Buff~GS~Potion~MinRole~MaxRole~NoSkill~Combo~Cri,,,,,,,,,
14032,燃烧的城堡三层,0-1,4,14022,7,5,0,0,368,3,0,0,0,0,0,0,0,0,0,0,0,0,Kill~Time~Pet~Buff~GS~Potion~MinRole~MaxRole~NoSkill~Combo~Cri,,,,,,,,,
14033,燃烧的城堡三层,0-1,4,14023,10,3,0,0,526,3,0,0,0,0,0,0,0,0,0,0,0,0,Kill~Time~Pet~Buff~GS~Potion~MinRole~MaxRole~NoSkill~Combo~Cri,,,,,,,,,
14041,燃烧的城堡四层,0-1,4,14031,5,10,0,0,269,3,0,0,0,0,0,0,0,0,0,0,0,0,Kill~Time~Pet~Buff~GS~Potion~MinRole~MaxRole~NoSkill~Combo~Cri,,,,,,,,,
14042,燃烧的城堡四层,0-1,4,14032,7,5,0,0,376,3,0,0,0,0,0,0,0,0,0,0,0,0,Kill~Time~Pet~Buff~GS~Potion~MinRole~MaxRole~NoSkill~Combo~Cri,,,,,,,,,
14043,燃烧的城堡四层,0-1,4,14033,10,3,0,0,538,3,0,0,0,0,0,0,0,0,0,0,0,0,Kill~Time~Pet~Buff~GS~Potion~MinRole~MaxRole~NoSkill~Combo~Cri,,,,,,,,,
14051,燃烧的城堡五层,0-1,4,14041,5,10,0,0,275,3,0,0,0,0,0,0,0,0,0,0,0,0,Kill~Time~Pet~Buff~GS~Potion~MinRole~MaxRole~NoSkill~Combo~Cri,,,,,,,,,
14052,燃烧的城堡五层,0-1,4,14042,7,5,0,0,385,3,0,0,0,0,0,0,0,0,0,0,0,0,Kill~Time~Pet~Buff~GS~Potion~MinRole~MaxRole~NoSkill~Combo~Cri,,,,,,,,,
14053,燃烧的城堡五层,0-1,4,14043,10,3,0,0,550,3,0,0,0,0,0,0,0,0,0,0,0,0,Kill~Time~Pet~Buff~GS~Potion~MinRole~MaxRole~NoSkill~Combo~Cri,,,,,,,,,
14061,黑魔法师凯尔伯勒,0-1,4,14051,6,10,0,0,330,3,0,0,0,0,0,0,0,0,0,0,0,0,Kill~Time~Pet~Buff~GS~Potion~MinRole~MaxRole~NoSkill~Combo~Cri,,,,,,,,,
14062,黑魔法师凯尔伯勒,0-1,4,14052,8,5,0,0,462,3,0,0,0,0,0,0,0,0,0,0,0,0,Kill~Time~Pet~Buff~GS~Potion~MinRole~MaxRole~NoSkill~Combo~Cri,,,,,,,,,
14063,黑魔法师凯尔伯勒,0-1,4,14053,12,3,0,0,660,3,0,0,0,0,0,0,0,0,0,0,0,0,Kill~Time~Pet~Buff~GS~Potion~MinRole~MaxRole~NoSkill~Combo~Cri,,,,,,,,,
21011,巴尔托勒族人,0-1,5,14061,5,10,0,0,280,3,0,0,0,0,0,0,0,0,0,0,0,0,Kill~Time~Pet~Buff~GS~Potion~MinRole~MaxRole~NoSkill~Combo~Cri,,,,,,,,,
21012,巴尔托勒族人,0-1,5,21061,7,5,0,0,392,3,0,0,0,0,0,0,0,0,0,0,0,0,Kill~Time~Pet~Buff~GS~Potion~MinRole~MaxRole~NoSkill~Combo~Cri,,,,,,,,,
21013,巴尔托勒族人,0-1,5,21062,10,3,0,0,560,3,0,0,0,0,0,0,0,0,0,0,0,0,Kill~Time~Pet~Buff~GS~Potion~MinRole~MaxRole~NoSkill~Combo~Cri,,,,,,,,,
21021,探索灵魂沙漠,0-1,5,21011,5,10,0,0,285,3,0,0,0,0,0,0,0,0,0,0,0,0,Kill~Time~Pet~Buff~GS~Potion~MinRole~MaxRole~NoSkill~Combo~Cri,,,,,,,,,
21022,探索灵魂沙漠,0-1,5,21012,7,5,0,0,399,3,0,0,0,0,0,0,0,0,0,0,0,0,Kill~Time~Pet~Buff~GS~Potion~MinRole~MaxRole~NoSkill~Combo~Cri,,,,,,,,,
21023,探索灵魂沙漠,0-1,5,21013,10,3,0,0,570,3,0,0,0,0,0,0,0,0,0,0,0,0,Kill~Time~Pet~Buff~GS~Potion~MinRole~MaxRole~NoSkill~Combo~Cri,,,,,,,,,
21031,荆棘巢穴一层,0-1,5,21021,5,10,0,0,292,3,0,0,0,0,0,0,0,0,0,0,0,0,Kill~Time~Pet~Buff~GS~Potion~MinRole~MaxRole~NoSkill~Combo~Cri,,,,,,,,,
21032,荆棘巢穴一层,0-1,5,21022,7,5,0,0,408,3,0,0,0,0,0,0,0,0,0,0,0,0,Kill~Time~Pet~Buff~GS~Potion~MinRole~MaxRole~NoSkill~Combo~Cri,,,,,,,,,
21033,荆棘巢穴一层,0-1,5,21023,10,3,0,0,584,3,0,0,0,0,0,0,0,0,0,0,0,0,Kill~Time~Pet~Buff~GS~Potion~MinRole~MaxRole~NoSkill~Combo~Cri,,,,,,,,,
21041,荆棘巢穴二层,0-1,5,21031,5,10,0,0,297,3,0,0,0,0,0,0,0,0,0,0,0,0,Kill~Time~Pet~Buff~GS~Potion~MinRole~MaxRole~NoSkill~Combo~Cri,,,,,,,,,
21042,荆棘巢穴二层,0-1,5,21032,7,5,0,0,415,3,0,0,0,0,0,0,0,0,0,0,0,0,Kill~Time~Pet~Buff~GS~Potion~MinRole~MaxRole~NoSkill~Combo~Cri,,,,,,,,,
21043,荆棘巢穴二层,0-1,5,21033,10,3,0,0,594,3,0,0,0,0,0,0,0,0,0,0,0,0,Kill~Time~Pet~Buff~GS~Potion~MinRole~MaxRole~NoSkill~Combo~Cri,,,,,,,,,
21051,荆棘巢穴三层,0-1,5,21041,5,10,0,0,303,3,0,0,0,0,0,0,0,0,0,0,0,0,Kill~Time~Pet~Buff~GS~Potion~MinRole~MaxRole~NoSkill~Combo~Cri,,,,,,,,,
21052,荆棘巢穴三层,0-1,5,21042,7,5,0,0,424,3,0,0,0,0,0,0,0,0,0,0,0,0,Kill~Time~Pet~Buff~GS~Potion~MinRole~MaxRole~NoSkill~Combo~Cri,,,,,,,,,
21053,荆棘巢穴三层,0-1,5,21043,10,3,0,0,606,3,0,0,0,0,0,0,0,0,0,0,0,0,Kill~Time~Pet~Buff~GS~Potion~MinRole~MaxRole~NoSkill~Combo~Cri,,,,,,,,,
21061,荆棘巢穴四层,0-1,5,21051,6,10,0,0,363,3,0,0,0,0,0,0,0,0,0,0,0,0,Kill~Time~Pet~Buff~GS~Potion~MinRole~MaxRole~NoSkill~Combo~Cri,,,,,,,,,
21062,荆棘巢穴四层,0-1,5,21052,8,5,0,0,508,3,0,0,0,0,0,0,0,0,0,0,0,0,Kill~Time~Pet~Buff~GS~Potion~MinRole~MaxRole~NoSkill~Combo~Cri,,,,,,,,,
21063,荆棘巢穴四层,0-1,5,21053,12,3,0,0,726,3,0,0,0,0,0,0,0,0,0,0,0,0,Kill~Time~Pet~Buff~GS~Potion~MinRole~MaxRole~NoSkill~Combo~Cri,,,,,,,,,
22011,灵魂沙漠南部,0-1,6,21061,5,10,0,0,314,3,0,0,0,0,0,0,0,0,0,0,0,0,Kill~Time~Pet~Buff~GS~Potion~MinRole~MaxRole~NoSkill~Combo~Cri,,,,,,,,,
22012,灵魂沙漠南部,0-1,6,22061,7,5,0,0,439,3,0,0,0,0,0,0,0,0,0,0,0,0,Kill~Time~Pet~Buff~GS~Potion~MinRole~MaxRole~NoSkill~Combo~Cri,,,,,,,,,
22013,灵魂沙漠南部,0-1,6,22062,10,3,0,0,628,3,0,0,0,0,0,0,0,0,0,0,0,0,Kill~Time~Pet~Buff~GS~Potion~MinRole~MaxRole~NoSkill~Combo~Cri,,,,,,,,,
22021,深入灵魂沙漠,0-1,6,22011,5,10,0,0,320,3,0,0,0,0,0,0,0,0,0,0,0,0,Kill~Time~Pet~Buff~GS~Potion~MinRole~MaxRole~NoSkill~Combo~Cri,,,,,,,,,
22022,深入灵魂沙漠,0-1,6,22012,7,5,0,0,448,3,0,0,0,0,0,0,0,0,0,0,0,0,Kill~Time~Pet~Buff~GS~Potion~MinRole~MaxRole~NoSkill~Combo~Cri,,,,,,,,,
22023,深入灵魂沙漠,0-1,6,22013,10,3,0,0,640,3,0,0,0,0,0,0,0,0,0,0,0,0,Kill~Time~Pet~Buff~GS~Potion~MinRole~MaxRole~NoSkill~Combo~Cri,,,,,,,,,
22031,荆棘孵化区域一层,0-1,6,22021,5,10,0,0,326,3,0,0,0,0,0,0,0,0,0,0,0,0,Kill~Time~Pet~Buff~GS~Potion~MinRole~MaxRole~NoSkill~Combo~Cri,,,,,,,,,
22032,荆棘孵化区域一层,0-1,6,22022,7,5,0,0,456,3,0,0,0,0,0,0,0,0,0,0,0,0,Kill~Time~Pet~Buff~GS~Potion~MinRole~MaxRole~NoSkill~Combo~Cri,,,,,,,,,
22033,荆棘孵化区域一层,0-1,6,22023,10,3,0,0,652,3,0,0,0,0,0,0,0,0,0,0,0,0,Kill~Time~Pet~Buff~GS~Potion~MinRole~MaxRole~NoSkill~Combo~Cri,,,,,,,,,
22041,荆棘孵化区域二层,0-1,6,22031,5,10,0,0,331,3,0,0,0,0,0,0,0,0,0,0,0,0,Kill~Time~Pet~Buff~GS~Potion~MinRole~MaxRole~NoSkill~Combo~Cri,,,,,,,,,
22042,荆棘孵化区域二层,0-1,6,22032,7,5,0,0,463,3,0,0,0,0,0,0,0,0,0,0,0,0,Kill~Time~Pet~Buff~GS~Potion~MinRole~MaxRole~NoSkill~Combo~Cri,,,,,,,,,
22043,荆棘孵化区域二层,0-1,6,22033,10,3,0,0,662,3,0,0,0,0,0,0,0,0,0,0,0,0,Kill~Time~Pet~Buff~GS~Potion~MinRole~MaxRole~NoSkill~Combo~Cri,,,,,,,,,
22051,荆棘孵化区域三层,0-1,6,22041,5,10,0,0,337,3,0,0,0,0,0,0,0,0,0,0,0,0,Kill~Time~Pet~Buff~GS~Potion~MinRole~MaxRole~NoSkill~Combo~Cri,,,,,,,,,
22052,荆棘孵化区域三层,0-1,6,22042,7,5,0,0,471,3,0,0,0,0,0,0,0,0,0,0,0,0,Kill~Time~Pet~Buff~GS~Potion~MinRole~MaxRole~NoSkill~Combo~Cri,,,,,,,,,
22053,荆棘孵化区域三层,0-1,6,22043,10,3,0,0,674,3,0,0,0,0,0,0,0,0,0,0,0,0,Kill~Time~Pet~Buff~GS~Potion~MinRole~MaxRole~NoSkill~Combo~Cri,,,,,,,,,
22061,昆昆的巢穴,0-1,6,22051,6,10,0,0,403,3,0,0,0,0,0,0,0,0,0,0,0,0,Kill~Time~Pet~Buff~GS~Potion~MinRole~MaxRole~NoSkill~Combo~Cri,,,,,,,,,
22062,昆昆的巢穴,0-1,6,22052,8,5,0,0,564,3,0,0,0,0,0,0,0,0,0,0,0,0,Kill~Time~Pet~Buff~GS~Potion~MinRole~MaxRole~NoSkill~Combo~Cri,,,,,,,,,
22063,昆昆的巢穴,0-1,6,22053,12,3,0,0,806,3,0,0,0,0,0,0,0,0,0,0,0,0,Kill~Time~Pet~Buff~GS~Potion~MinRole~MaxRole~NoSkill~Combo~Cri,,,,,,,,,
23011,光之祠堂,0-1,7,22061,5,10,0,0,348,3,0,0,0,0,0,0,0,0,0,0,0,0,Kill~Time~Pet~Buff~GS~Potion~MinRole~MaxRole~NoSkill~Combo~Cri,,,,,,,,,
23012,光之祠堂,0-1,7,23061,7,5,0,0,487,3,0,0,0,0,0,0,0,0,0,0,0,0,Kill~Time~Pet~Buff~GS~Potion~MinRole~MaxRole~NoSkill~Combo~Cri,,,,,,,,,
23013,光之祠堂,0-1,7,23062,10,3,0,0,696,3,0,0,0,0,0,0,0,0,0,0,0,0,Kill~Time~Pet~Buff~GS~Potion~MinRole~MaxRole~NoSkill~Combo~Cri,,,,,,,,,
23021,暗之祠堂,0-1,7,23011,5,10,0,0,353,3,0,0,0,0,0,0,0,0,0,0,0,0,Kill~Time~Pet~Buff~GS~Potion~MinRole~MaxRole~NoSkill~Combo~Cri,,,,,,,,,
23022,暗之祠堂,0-1,7,23012,7,5,0,0,494,3,0,0,0,0,0,0,0,0,0,0,0,0,Kill~Time~Pet~Buff~GS~Potion~MinRole~MaxRole~NoSkill~Combo~Cri,,,,,,,,,
23023,暗之祠堂,0-1,7,23013,10,3,0,0,706,3,0,0,0,0,0,0,0,0,0,0,0,0,Kill~Time~Pet~Buff~GS~Potion~MinRole~MaxRole~NoSkill~Combo~Cri,,,,,,,,,
23031,时间之祠堂,0-1,7,23021,5,10,0,0,359,3,0,0,0,0,0,0,0,0,0,0,0,0,Kill~Time~Pet~Buff~GS~Potion~MinRole~MaxRole~NoSkill~Combo~Cri,,,,,,,,,
23032,时间之祠堂,0-1,7,23022,7,5,0,0,502,3,0,0,0,0,0,0,0,0,0,0,0,0,Kill~Time~Pet~Buff~GS~Potion~MinRole~MaxRole~NoSkill~Combo~Cri,,,,,,,,,
23033,时间之祠堂,0-1,7,23023,10,3,0,0,718,3,0,0,0,0,0,0,0,0,0,0,0,0,Kill~Time~Pet~Buff~GS~Potion~MinRole~MaxRole~NoSkill~Combo~Cri,,,,,,,,,
23041,地下墓地一层,0-1,7,23031,5,10,0,0,364,3,0,0,0,0,0,0,0,0,0,0,0,0,Kill~Time~Pet~Buff~GS~Potion~MinRole~MaxRole~NoSkill~Combo~Cri,,,,,,,,,
23042,地下墓地一层,0-1,7,23032,7,5,0,0,509,3,0,0,0,0,0,0,0,0,0,0,0,0,Kill~Time~Pet~Buff~GS~Potion~MinRole~MaxRole~NoSkill~Combo~Cri,,,,,,,,,
23043,地下墓地一层,0-1,7,23033,10,3,0,0,728,3,0,0,0,0,0,0,0,0,0,0,0,0,Kill~Time~Pet~Buff~GS~Potion~MinRole~MaxRole~NoSkill~Combo~Cri,,,,,,,,,
23051,地下墓地二层,0-1,7,23041,5,10,0,0,369,3,0,0,0,0,0,0,0,0,0,0,0,0,Kill~Time~Pet~Buff~GS~Potion~MinRole~MaxRole~NoSkill~Combo~Cri,,,,,,,,,
23052,地下墓地二层,0-1,7,23042,7,5,0,0,516,3,0,0,0,0,0,0,0,0,0,0,0,0,Kill~Time~Pet~Buff~GS~Potion~MinRole~MaxRole~NoSkill~Combo~Cri,,,,,,,,,
23053,地下墓地二层,0-1,7,23043,10,3,0,0,738,3,0,0,0,0,0,0,0,0,0,0,0,0,Kill~Time~Pet~Buff~GS~Potion~MinRole~MaxRole~NoSkill~Combo~Cri,,,,,,,,,
23061,守门人雷加斯,0-1,7,23051,6,10,0,0,442,3,0,0,0,0,0,0,0,0,0,0,0,0,Kill~Time~Pet~Buff~GS~Potion~MinRole~MaxRole~NoSkill~Combo~Cri,,,,,,,,,
23062,守门人雷加斯,0-1,7,23052,8,5,0,0,618,3,0,0,0,0,0,0,0,0,0,0,0,0,Kill~Time~Pet~Buff~GS~Potion~MinRole~MaxRole~NoSkill~Combo~Cri,,,,,,,,,
23063,守门人雷加斯,0-1,7,23053,12,3,0,0,884,3,0,0,0,0,0,0,0,0,0,0,0,0,Kill~Time~Pet~Buff~GS~Potion~MinRole~MaxRole~NoSkill~Combo~Cri,,,,,,,,,
24011,墓地警备区一层,0-1,8,23061,5,10,0,0,380,3,0,0,0,0,0,0,0,0,0,0,0,0,Kill~Time~Pet~Buff~GS~Potion~MinRole~MaxRole~NoSkill~Combo~Cri,,,,,,,,,
24012,墓地警备区一层,0-1,8,24061,7,5,0,0,532,3,0,0,0,0,0,0,0,0,0,0,0,0,Kill~Time~Pet~Buff~GS~Potion~MinRole~MaxRole~NoSkill~Combo~Cri,,,,,,,,,
24013,墓地警备区一层,0-1,8,24062,10,3,0,0,760,3,0,0,0,0,0,0,0,0,0,0,0,0,Kill~Time~Pet~Buff~GS~Potion~MinRole~MaxRole~NoSkill~Combo~Cri,,,,,,,,,
24021,墓地警备区二层,0-1,8,24011,5,10,0,0,385,3,0,0,0,0,0,0,0,0,0,0,0,0,Kill~Time~Pet~Buff~GS~Potion~MinRole~MaxRole~NoSkill~Combo~Cri,,,,,,,,,
24022,墓地警备区二层,0-1,8,24012,7,5,0,0,539,3,0,0,0,0,0,0,0,0,0,0,0,0,Kill~Time~Pet~Buff~GS~Potion~MinRole~MaxRole~NoSkill~Combo~Cri,,,,,,,,,
24023,墓地警备区二层,0-1,8,24013,10,3,0,0,770,3,0,0,0,0,0,0,0,0,0,0,0,0,Kill~Time~Pet~Buff~GS~Potion~MinRole~MaxRole~NoSkill~Combo~Cri,,,,,,,,,
24031,墓地警备区三层,0-1,8,24021,5,10,0,0,391,3,0,0,0,0,0,0,0,0,0,0,0,0,Kill~Time~Pet~Buff~GS~Potion~MinRole~MaxRole~NoSkill~Combo~Cri,,,,,,,,,
24032,墓地警备区三层,0-1,8,24022,7,5,0,0,547,3,0,0,0,0,0,0,0,0,0,0,0,0,Kill~Time~Pet~Buff~GS~Potion~MinRole~MaxRole~NoSkill~Combo~Cri,,,,,,,,,
24033,墓地警备区三层,0-1,8,24023,10,3,0,0,782,3,0,0,0,0,0,0,0,0,0,0,0,0,Kill~Time~Pet~Buff~GS~Potion~MinRole~MaxRole~NoSkill~Combo~Cri,,,,,,,,,
24041,墓地警备区四层,0-1,8,24031,5,10,0,0,396,3,0,0,0,0,0,0,0,0,0,0,0,0,Kill~Time~Pet~Buff~GS~Potion~MinRole~MaxRole~NoSkill~Combo~Cri,,,,,,,,,
24042,墓地警备区四层,0-1,8,24032,7,5,0,0,554,3,0,0,0,0,0,0,0,0,0,0,0,0,Kill~Time~Pet~Buff~GS~Potion~MinRole~MaxRole~NoSkill~Combo~Cri,,,,,,,,,
24043,墓地警备区四层,0-1,8,24033,10,3,0,0,792,3,0,0,0,0,0,0,0,0,0,0,0,0,Kill~Time~Pet~Buff~GS~Potion~MinRole~MaxRole~NoSkill~Combo~Cri,,,,,,,,,
24051,墓地警备区五层,0-1,8,24041,5,10,0,0,401,3,0,0,0,0,0,0,0,0,0,0,0,0,Kill~Time~Pet~Buff~GS~Potion~MinRole~MaxRole~NoSkill~Combo~Cri,,,,,,,,,
24052,墓地警备区五层,0-1,8,24042,7,5,0,0,561,3,0,0,0,0,0,0,0,0,0,0,0,0,Kill~Time~Pet~Buff~GS~Potion~MinRole~MaxRole~NoSkill~Combo~Cri,,,,,,,,,
24053,墓地警备区五层,0-1,8,24043,10,3,0,0,802,3,0,0,0,0,0,0,0,0,0,0,0,0,Kill~Time~Pet~Buff~GS~Potion~MinRole~MaxRole~NoSkill~Combo~Cri,,,,,,,,,
24061,沙基安女王拉巴蒂,0-1,8,24051,6,10,0,0,479,3,0,0,0,0,0,0,0,0,0,0,0,0,Kill~Time~Pet~Buff~GS~Potion~MinRole~MaxRole~NoSkill~Combo~Cri,,,,,,,,,
24062,沙基安女王拉巴蒂,0-1,8,24052,8,5,0,0,670,3,0,0,0,0,0,0,0,0,0,0,0,0,Kill~Time~Pet~Buff~GS~Potion~MinRole~MaxRole~NoSkill~Combo~Cri,,,,,,,,,
24063,沙基安女王拉巴蒂,0-1,8,24053,12,3,0,0,958,3,0,0,0,0,0,0,0,0,0,0,0,0,Kill~Time~Pet~Buff~GS~Potion~MinRole~MaxRole~NoSkill~Combo~Cri,,,,,,,,,
100101,狂暴者佐隆,0-1,100,-1,0,0,0,0,0,0,0,0,0,0,0,0,0,0,0,0,0,0,Kill~Time~Pet~Buff~GS~Potion~MinRole~MaxRole~NoSkill~Combo~Cri,,,,,,,,,
100102,古代岩石巨人,0-1,102,-1,0,0,0,0,0,0,0,0,0,0,0,0,0,0,0,0,0,0,Kill~Time~Pet~Buff~GS~Potion~MinRole~MaxRole~NoSkill~Combo~Cri,,,,,,,,,
100201,特林特,0-1,101,-1,0,0,0,0,0,0,0,0,0,0,0,0,0,0,0,0,0,0,Kill~Time~Pet~Buff~GS~Potion~MinRole~MaxRole~NoSkill~Combo~Cri,,,,,,,,,
100301,守门将克列加尔,0-1,103,-1,0,0,0,0,0,0,0,0,0,0,0,0,0,0,0,0,0,0,Kill~Time~Pet~Buff~GS~Potion~MinRole~MaxRole~NoSkill~Combo~Cri,,,,,,,,,
100401,独眼龙托尔波,0-1,104,-1,0,0,0,0,0,0,0,0,0,0,0,0,0,0,0,0,0,0,Kill~Time~Pet~Buff~GS~Potion~MinRole~MaxRole~NoSkill~Combo~Cri,,,,,,,,,
100501,堕落军营地,0-1,104,-1,0,0,0,0,0,0,0,0,0,0,0,0,0,0,0,0,0,0,Kill~Time~Pet~Buff~GS~Potion~MinRole~MaxRole~NoSkill~Combo~Cri,,,,,,,,,
