uid,dwTemplateID,strName,dwClassID,byLevel,byIsPassive,byShape,byDamegePro,byJob,nLearnLevel,dwTotalSkillTreePoint,dwCostSkillPoint,byWeaponFlag,dwCostSP,byIsLead,bypreparetimes,byPeriodicDamage,dwPeriodicTraumaHP,byDamageFrequency,dwCooldown,Buffid,Description,icon,Index,parentid,NextLevel,NeedSkill
100101,1001,长剑挥砍,1001,1,0,0,0,1,1,0,0,0,0,0,0,0,0,0,0,0,战士的基础攻击，对前方的敌人造成伤害，每命中一个敌人恢复10点SP。,SwordSlash_a,1,0,0,0
100201,1002,翻滚,1002,1,0,1,0,1,1,0,0,0,100,0,0,0,0,0,0,0,战士的冲刺技能，向面对的方向翻滚出一定距离。,Roll_a,0,0,0,0
100301,1003,致命冲击,1003,1,0,0,0,1,1,0,0,0,100,0,0,0,0,0,4000,0,用武器突刺敌人，对前方的所有敌人造成伤害。,FatalBlow_a,2,0,0,0
100401,1004,圆月斩,1004,1,0,0,0,1,3,0,0,0,0,0,0,0,0,0,16000,0,挥舞武器对周围所有的敌人造成伤害，使用后继续点击技能可释放撼地重击，对周围所有的敌人造成伤害，并有20%的概率击晕除Boss以外的敌人。,MoonStrike_a,3,0,0,0
100501,1005,飓风,1005,1,0,0,0,1,10,0,0,0,0,0,0,0,0,0,35000,0,高速旋转产生风暴聚拢周围的敌人，随后产生爆炸，对周围所有的敌人造成伤害，使用时处于无敌状态。,Hurricane_a,4,0,0,0
100104,1001,火球术,1001,1,0,4,2,4,1,0,0,0,0,0,0,0,0,0,0,0,法师的基础攻击，发出燃烧的火球，命中后产生爆炸，对小范围内的敌人造成火焰伤害，并恢复5点SP。,FireBall_a,1,0,0,0
100204,1002,瞬间移动,1002,1,0,4,0,4,1,0,0,0,100,0,0,0,0,0,0,0,法师的冲刺技能，向前冲出一定的距离。,Roll_a,0,0,0,0
100304,1003,暴风冰锥,1003,1,0,4,1,4,1,0,0,0,0,0,0,0,0,0,6000,0,召唤冰霜引起爆炸，对周围所有的目标造成冰霜伤害。,ColdCone_a,2,0,0,0
100404,1004,雷电术,1004,1,0,4,4,4,10,0,0,0,200,0,0,0,0,0,20000,0,朝附近最多3个目标落下雷电术，造成雷电伤害，使用时处于无敌状态。,Thunder_a,4,0,0,0
100504,1005,闪电阵,1005,1,0,4,4,4,3,0,0,0,0,0,0,0,0,0,16000,0,生成电闪雷鸣的放电地带，持续4秒，处于闪电阵内的敌人将持续受到闪电伤害。,LevinArray_c,3,0,0,0
100107,1001,弩箭射击,1001,1,0,6,0,7,1,0,0,0,0,0,0,0,0,0,0,0,游侠的基础攻击，发出箭矢对敌人造成伤害，每次命中恢复10点SP。,CrossbowShoot_c,1,0,0,0
100207,1002,前冲跳跃,1002,1,0,6,0,7,1,0,0,0,100,0,0,0,0,0,0,0,游侠的冲刺技能，向前跳出一段距离。,DashJump_c,0,0,0,0
100307,1003,齐射,1003,1,0,6,0,7,1,0,0,0,100,0,0,0,0,0,4000,0,向前方扇形区域发出3只箭矢对敌人造成伤害。,Salvo_c,2,0,0,0
100407,1004,移动射击,1004,1,0,6,0,7,3,0,0,0,200,0,0,0,0,0,6000,0,迅速后退并发出3只弩箭对敌人造成伤害。,ShiftShoot_c,3,0,0,0
100507,1005,箭雨,1005,1,0,6,0,7,10,0,0,0,0,0,0,0,0,0,40000,0,向天空发射无数的箭矢，攻击前方大范围内的敌人，给敌人造成4次伤害，每次攻击恢复100点SP。,Arrows_c,4,0,0,0
100110,1001,钝器打击,1001,1,0,1,0,10,1,0,0,0,0,0,0,0,0,0,0,0,牧师的基础攻击，挥舞钝器对前方范围内的敌人造成伤害，并恢复30点SP。,BluntBlow_c,1,0,0,0
100210,1002,紧急回避,1002,1,0,1,0,10,1,0,0,0,100,0,0,0,0,0,0,0,牧师的冲刺技能，向面对的方向翻滚。,ForwardRoll_c,0,0,0,0
100310,1003,审判,1003,1,0,1,0,10,1,0,0,0,0,0,0,0,0,0,12000,0,以神的名义降下天罚，对周围最多3个敌人造成伤害。,Trial_c,2,0,0,0
100410,1004,回旋连击,1004,1,0,1,0,10,3,0,0,0,100,0,0,0,0,0,4000,0,挥动武器对前方范围内所有的敌人造成伤害，连续点击技能可以使用3次。,ComboSwing_c,3,0,0,0
100510,1005,神圣破袭,1005,1,0,1,0,10,10,0,0,0,100,0,0,0,0,0,20000,0,用圣光之锤发动重击，对周围的所有目标造成伤害，并使敌人的防御力在30秒内减少10%。,DivineBreak_c,4,0,0,0
500101,5001,钢铁意志,5001,1,1,0,1,1,1,0,1,0,0,0,0,0,0,0,0,101,翻滚后，防御力提高5%，持续3秒。,BodyExercise,0,100201,500201,0
500201,5002,钢铁意志,5001,2,1,0,1,1,1,0,1,0,0,0,0,0,0,0,0,102,翻滚后，防御力提高10%，持续3秒。,BodyExercise,0,100201,500301,0
500301,5003,钢铁意志,5001,3,1,0,1,1,1,0,1,0,0,0,0,0,0,0,0,103,翻滚后，防御力提高15%，持续3秒。,BodyExercise,0,100201,500401,0
500401,5004,钢铁意志,5001,4,1,0,1,1,1,0,1,0,0,0,0,0,0,0,0,104,翻滚后，防御力提高20%，持续3秒。,BodyExercise,0,100201,0,0
500501,5005,无情打击,5005,1,1,0,0,1,1,0,1,0,0,0,0,0,0,0,0,105,翻滚后，对落地点半径3米内的所有目标造成移动速度下降10%的效果，持续2秒。,BodyFit,1,100201,500601,500101
500601,5006,无情打击,5005,2,1,0,0,1,1,0,1,0,0,0,0,0,0,0,0,106,翻滚后，对落地点半径3米内的所有目标造成移动速度下降20%的效果，持续2秒。,BodyFit,1,100201,500701,0
500701,5007,无情打击,5005,3,1,0,0,1,1,0,1,0,0,0,0,0,0,0,0,107,翻滚后，对落地点半径3米内的所有目标造成移动速度下降30%的效果，持续2秒。,BodyFit,1,100201,500801,0
500801,5008,无情打击,5005,4,1,0,0,1,1,0,1,0,0,0,0,0,0,0,0,108,翻滚后，对落地点半径3米内的所有目标造成移动速度下降40%的效果，持续2秒。,BodyFit,1,100201,0,0
500901,5009,狂怒攻击,5009,1,1,0,0,1,1,0,1,0,0,0,0,0,0,0,0,109,翻滚后，伤害提高3%，持续3秒。,StrongBody,2,100201,501001,500501
501001,5010,狂怒攻击,5009,2,1,0,0,1,1,0,1,0,0,0,0,0,0,0,0,110,翻滚后，伤害提高6%，持续3秒。,StrongBody,2,100201,501101,0
501101,5011,狂怒攻击,5009,3,1,0,0,1,1,0,1,0,0,0,0,0,0,0,0,111,翻滚后，伤害提高9%，持续3秒。,StrongBody,2,100201,501201,0
501201,5012,狂怒攻击,5009,4,1,0,0,1,1,0,1,0,0,0,0,0,0,0,0,112,翻滚后，伤害提高12%，持续3秒。,StrongBody,2,100201,0,0
501301,5013,技巧大师,5013,1,1,0,0,1,1,0,1,0,0,0,0,0,0,0,0,113,翻滚的SP消耗下降10点。,TrueWarrior,3,100201,501401,500901
501401,5014,技巧大师,5013,2,1,0,0,1,1,0,1,0,0,0,0,0,0,0,0,114,翻滚的SP消耗下降20点。,TrueWarrior,3,100201,501501,0
501501,5015,技巧大师,5013,3,1,0,0,1,1,0,1,0,0,0,0,0,0,0,0,115,翻滚的SP消耗下降30点。,TrueWarrior,3,100201,501601,0
501601,5016,技巧大师,5013,4,1,0,0,1,1,0,1,0,0,0,0,0,0,0,0,116,翻滚的SP消耗下降40点。,TrueWarrior,3,100201,0,0
501701,5017,气合斩击,5017,1,1,0,0,1,1,0,1,0,0,0,0,0,0,0,0,117,基础攻击造成的伤害提高2.5%。,SwordSlashStrengthenLv3,0,100101,501801,0
501801,5018,气合斩击,5017,2,1,0,0,1,1,0,1,0,0,0,0,0,0,0,0,118,基础攻击造成的伤害提高5%。,SwordSlashStrengthenLv3,0,100101,501901,0
501901,5019,气合斩击,5017,3,1,0,0,1,1,0,1,0,0,0,0,0,0,0,0,119,基础攻击造成的伤害提高7.5%。,SwordSlashStrengthenLv3,0,100101,502001,0
502001,5020,气合斩击,5017,4,1,0,0,1,1,0,1,0,0,0,0,0,0,0,0,120,基础攻击造成的伤害提高10%。,SwordSlashStrengthenLv3,0,100101,0,0
502101,5021,二段斩击,5021,1,1,0,0,1,1,0,1,0,0,0,0,0,0,0,0,121,基本攻击时6%几率触发斩切类型的二段斩，额外对周围所有的敌人造成伤害。,SwordSlashStrengthenLv1,1,100101,502201,501701
502201,5022,二段斩击,5021,2,1,0,0,1,1,0,1,0,0,0,0,0,0,0,0,122,基本攻击时9%几率触发斩切类型的二段斩，额外对周围所有的敌人造成伤害。,SwordSlashStrengthenLv1,1,100101,502301,0
502301,5023,二段斩击,5021,3,1,0,0,1,1,0,1,0,0,0,0,0,0,0,0,123,基本攻击时12%几率触发斩切类型的二段斩，额外对周围所有的敌人造成伤害。,SwordSlashStrengthenLv1,1,100101,502401,0
502401,5024,二段斩击,5021,4,1,0,0,1,1,0,1,0,0,0,0,0,0,0,0,124,基本攻击时15%几率触发斩切类型的二段斩，额外对周围所有的敌人造成伤害。,SwordSlashStrengthenLv1,1,100101,0,0
502501,5025,嗜血攻击,5025,1,1,0,0,1,1,0,1,0,0,0,0,0,0,0,0,125,二段斩和要害突刺命中目标时恢复相当于造成伤害值10%的生命值。,SwordSlashStrengthenLv2,2,100101,502601,502101
502601,5026,嗜血攻击,5025,2,1,0,0,1,1,0,1,0,0,0,0,0,0,0,0,126,二段斩和要害突刺命中目标时恢复相当于造成伤害值20%的生命值。,SwordSlashStrengthenLv2,2,100101,502701,0
502701,5027,嗜血攻击,5025,3,1,0,0,1,1,0,1,0,0,0,0,0,0,0,0,127,二段斩和要害突刺命中目标时恢复相当于造成伤害值30%的生命值。,SwordSlashStrengthenLv2,2,100101,502801,0
502801,5028,嗜血攻击,5025,4,1,0,0,1,1,0,1,0,0,0,0,0,0,0,0,128,二段斩和要害突刺命中目标时恢复相当于造成伤害值40%的生命值。,SwordSlashStrengthenLv2,2,100101,0,0
502901,5029,要害突刺,5029,1,1,0,0,1,1,0,1,0,0,0,0,0,0,0,0,129,基础攻击有6%的概率触发要害突刺，额外对前方的敌人造成一次较大的伤害。,FocusPunch,3,100101,503001,502501
503001,5030,要害突刺,5029,2,1,0,0,1,1,0,1,0,0,0,0,0,0,0,0,130,基础攻击有9%的概率触发要害突刺，额外对前方的敌人造成一次较大的伤害。,FocusPunch,3,100101,503101,0
503101,5031,要害突刺,5029,3,1,0,0,1,1,0,1,0,0,0,0,0,0,0,0,131,基础攻击有12%的概率触发要害突刺，额外对前方的敌人造成一次较大的伤害。,FocusPunch,3,100101,503201,0
503201,5032,要害突刺,5029,4,1,0,0,1,1,0,1,0,0,0,0,0,0,0,0,132,基础攻击有15%的概率触发要害突刺，额外对前方的敌人造成一次较大的伤害。,FocusPunch,3,100101,0,0
503301,5033,旋风冲击,5033,1,1,0,0,1,1,0,1,0,0,0,0,0,0,0,0,133,致命冲击使用后继续点击技能可释放环刺，对前方的所有敌人造成伤害。,Whirlwind,0,100301,503401,0
503401,5034,旋风冲击,5033,2,1,0,0,1,1,0,1,0,0,0,0,0,0,0,0,134,致命冲击使用后继续点击技能可释放环刺，对前方的所有敌人造成伤害。致命冲击和环刺造成的伤害提高20%。,Whirlwind,0,100301,503501,0
503501,5035,旋风冲击,5033,3,1,0,0,1,1,0,1,0,0,0,0,0,0,0,0,135,致命冲击使用后继续点击技能可释放环刺，环刺使用后继续点击技能可释放旋风刺。致命冲击和环刺造成的伤害提高20%。,Whirlwind,0,100301,503601,0
503601,5036,旋风冲击,5033,4,1,0,0,1,1,0,1,0,0,0,0,0,0,0,0,136,致命冲击使用后继续点击技能可释放环刺，环刺使用后继续点击技能可释放旋风刺。致命冲击、环刺和旋风刺造成的伤害提高20%。,Whirlwind,0,100301,0,0
503701,5037,胜利一击,5037,1,1,0,0,1,1,0,1,0,0,0,0,0,0,0,0,137,旋风刺每命中一个敌人恢复5点SP。,VictoryStrike,1,100301,503801,503301
503801,5038,胜利一击,5037,2,1,0,0,1,1,0,1,0,0,0,0,0,0,0,0,138,旋风刺每命中一个敌人恢复10点SP。,VictoryStrike,1,100301,503901,0
503901,5039,胜利一击,5037,3,1,0,0,1,1,0,1,0,0,0,0,0,0,0,0,139,旋风刺每命中一个敌人恢复15点SP。,VictoryStrike,1,100301,504001,0
504001,5040,胜利一击,5037,4,1,0,0,1,1,0,1,0,0,0,0,0,0,0,0,140,旋风刺每命中一个敌人恢复20点SP。,VictoryStrike,1,100301,0,0
504101,5041,快速打击,5041,1,1,0,0,1,1,0,1,0,0,0,0,0,0,0,0,141,致命冲击冷却时间减少1秒。,FastStrike,2,100301,504201,503701
504201,5042,快速打击,5041,2,1,0,0,1,1,0,1,0,0,0,0,0,0,0,0,142,致命冲击冷却时间减少2秒。,FastStrike,2,100301,504301,0
504301,5043,快速打击,5041,3,1,0,0,1,1,0,1,0,0,0,0,0,0,0,0,143,致命冲击冷却时间减少3秒。,FastStrike,2,100301,504401,0
504401,5044,快速打击,5041,4,1,0,0,1,1,0,1,0,0,0,0,0,0,0,0,144,致命冲击冷却时间减少4秒。,FastStrike,2,100301,0,0
504501,5045,治愈之刺,5045,1,1,0,0,1,1,0,1,0,0,0,0,0,0,0,0,145,旋风刺命中时恢复相当于造成伤害2.5%的生命值。,TheSpirit,3,100301,504601,504101
504601,5046,治愈之刺,5045,2,1,0,0,1,1,0,1,0,0,0,0,0,0,0,0,146,旋风刺命中时恢复相当于造成伤害5%的生命值。,TheSpirit,3,100301,504701,0
504701,5047,治愈之刺,5045,3,1,0,0,1,1,0,1,0,0,0,0,0,0,0,0,147,旋风刺命中时恢复相当于造成伤害7.5%的生命值。,TheSpirit,3,100301,504801,0
504801,5048,治愈之刺,5045,4,1,0,0,1,1,0,1,0,0,0,0,0,0,0,0,148,旋风刺命中时恢复相当于造成伤害10%的生命值。,TheSpirit,3,100301,0,0
504901,5049,锐利剑气,5049,1,1,0,0,1,1,0,1,0,0,0,0,0,0,0,0,149,圆月斩的冷却时间减少1秒，每命中一个敌人恢复5点SP。,SharpSword,0,100401,505001,0
505001,5050,锐利剑气,5049,2,1,0,0,1,1,0,1,0,0,0,0,0,0,0,0,150,圆月斩的冷却时间减少2秒，每命中一个敌人恢复10点SP。,SharpSword,0,100401,505101,0
505101,5051,锐利剑气,5049,3,1,0,0,1,1,0,1,0,0,0,0,0,0,0,0,151,圆月斩的冷却时间减少3秒，每命中一个敌人恢复15点SP。,SharpSword,0,100401,505201,0
505201,5052,锐利剑气,5049,4,1,0,0,1,1,0,1,0,0,0,0,0,0,0,0,152,圆月斩的冷却时间减少4秒，每命中一个敌人恢复20点SP。,SharpSword,0,100401,0,0
505301,5053,勇气呐喊,5053,1,1,0,0,1,1,0,1,0,0,0,0,0,0,0,0,153,撼地重击释放后继续点击技能可释放勇气呐喊，对周围所有的目标造成伤害，并使这些目标造成的伤害下降2.5%，持续10秒。,CourageShout,1,100401,505401,504901
505401,5054,勇气呐喊,5053,2,1,0,0,1,1,0,1,0,0,0,0,0,0,0,0,154,撼地重击释放后继续点击技能可释放勇气呐喊，对周围所有的目标造成伤害，并使这些目标造成的伤害下降5%，持续10秒。勇气呐喊造成的伤害提高20%。,CourageShout,1,100401,505501,0
505501,5055,勇气呐喊,5053,3,1,0,0,1,1,0,1,0,0,0,0,0,0,0,0,155,撼地重击释放后继续点击技能可释放勇气呐喊，对周围所有的目标造成伤害，并使这些目标造成的伤害下降7.5%，持续10秒。勇气呐喊造成的伤害提高40%。,CourageShout,1,100401,505601,0
505601,5056,勇气呐喊,5053,4,1,0,0,1,1,0,1,0,0,0,0,0,0,0,0,156,撼地重击释放后继续点击技能可释放勇气呐喊，对周围所有的目标造成伤害，并使这些目标造成的伤害下降10%，持续10秒。勇气呐喊造成的伤害提高60%。,CourageShout,1,100401,0,0
505701,5057,暮月剑风,5057,1,1,0,0,1,1,0,1,0,0,0,0,0,0,0,0,157,圆月斩释放时产生3个斩切类型的旋风，在移动的过程中对碰到的敌人造成伤害。,SwordWind,2,100401,505801,505301
505801,5058,暮月剑风,5057,2,1,0,0,1,1,0,1,0,0,0,0,0,0,0,0,158,圆月斩释放时产生4个斩切类型的旋风，在移动的过程中对碰到的敌人造成伤害。旋风的伤害提高10%。,SwordWind,2,100401,505901,0
505901,5059,暮月剑风,5057,3,1,0,0,1,1,0,1,0,0,0,0,0,0,0,0,159,圆月斩释放时产生5个斩切类型的旋风，在移动的过程中对碰到的敌人造成伤害。旋风的伤害提高20%。,SwordWind,2,100401,506001,0
506001,5060,暮月剑风,5057,4,1,0,0,1,1,0,1,0,0,0,0,0,0,0,0,160,圆月斩释放时产生6个斩切类型的旋风，在移动的过程中对碰到的敌人造成伤害。旋风的伤害提高30%。,SwordWind,2,100401,0,0
506101,5061,真空之剑,5061,1,1,0,0,1,1,0,1,0,0,0,0,0,0,0,0,161,撼地重击击晕敌人的概率提升至40%。,VacuumSword,3,100401,506201,505701
506201,5062,真空之剑,5061,2,1,0,0,1,1,0,1,0,0,0,0,0,0,0,0,162,撼地重击击晕敌人的概率提升至60%。,VacuumSword,3,100401,506301,0
506301,5063,真空之剑,5061,3,1,0,0,1,1,0,1,0,0,0,0,0,0,0,0,163,撼地重击击晕敌人的概率提升至80%。,VacuumSword,3,100401,506401,0
506401,5064,真空之剑,5061,4,1,0,0,1,1,0,1,0,0,0,0,0,0,0,0,164,撼地重击击晕敌人的概率提升至100%。,VacuumSword,3,100401,0,0
506501,5065,暴风斩击,5065,1,1,0,0,1,1,0,1,0,0,0,0,0,0,0,0,165,飓风使用后继续按键可释放暴风斩，对周围的所有敌人造成大量伤害。,StormSlash,0,100501,506601,0
506601,5066,暴风斩击,5065,2,1,0,0,1,1,0,1,0,0,0,0,0,0,0,0,166,飓风使用后继续按键可释放暴风斩，对周围的所有敌人造成大量伤害。飓风和暴风斩造成的伤害提高20%。,StormSlash,0,100501,506701,0
506701,5067,暴风斩击,5065,3,1,0,0,1,1,0,1,0,0,0,0,0,0,0,0,167,飓风使用后继续按键可释放暴风斩，对周围的所有敌人造成大量伤害。飓风和暴风斩造成的伤害提高40%。,StormSlash,0,100501,506801,0
506801,5068,暴风斩击,5065,4,1,0,0,1,1,0,1,0,0,0,0,0,0,0,0,168,飓风使用后继续按键可释放暴风斩，对周围的所有敌人造成大量伤害。飓风和暴风斩造成的伤害提高60%。,StormSlash,0,100501,0,0
506901,5069,连锁暴风,5069,1,1,0,0,1,1,0,1,0,0,0,0,0,0,0,0,169,暴风斩时产生3个斩切类型的旋风，在移动的过程中对碰到的敌人造成伤害。,StormChain,1,100501,507001,506501
507001,5070,连锁暴风,5069,2,1,0,0,1,1,0,1,0,0,0,0,0,0,0,0,170,暴风斩时产生4个斩切类型的旋风，在移动的过程中对碰到的敌人造成伤害。旋风造成的伤害提高10%。,StormChain,1,100501,507101,0
507101,5071,连锁暴风,5069,3,1,0,0,1,1,0,1,0,0,0,0,0,0,0,0,171,暴风斩时产生5个斩切类型的旋风，在移动的过程中对碰到的敌人造成伤害。旋风造成的伤害提高20%。,StormChain,1,100501,507201,0
507201,5072,连锁暴风,5069,4,1,0,0,1,1,0,1,0,0,0,0,0,0,0,0,172,暴风斩时产生6个斩切类型的旋风，在移动的过程中对碰到的敌人造成伤害。旋风造成的伤害提高30%。,StormChain,1,100501,0,0
507301,5073,最后反击,5073,1,1,0,0,1,1,0,1,0,0,0,0,0,0,0,0,173,暴风斩使用后继续点击技能可释放最后反击，连续攻击4次，最后一次造成大量伤害。,LastFight,2,100501,507401,506901
507401,5074,最后反击,5073,2,1,0,0,1,1,0,1,0,0,0,0,0,0,0,0,174,暴风斩使用后继续点击技能可释放最后反击，连续攻击4次，最后一次造成大量伤害。暴风斩造成的伤害提高20%,LastFight,2,100501,507501,0
507501,5075,最后反击,5073,3,1,0,0,1,1,0,1,0,0,0,0,0,0,0,0,175,暴风斩使用后继续点击技能可释放最后反击，连续攻击4次，最后一次造成大量伤害。暴风斩造成的伤害提高40%,LastFight,2,100501,507601,0
507601,5076,最后反击,5073,4,1,0,0,1,1,0,1,0,0,0,0,0,0,0,0,176,暴风斩使用后继续点击技能可释放最后反击，连续攻击4次，最后一次造成大量伤害。暴风斩造成的伤害提高60%,LastFight,2,100501,0,0
507701,5077,勇猛战士,5077,1,1,0,0,1,1,0,1,0,0,0,0,0,0,0,0,177,飓风的冷却时间减少5秒。,BraveWarrior,3,100501,507801,507301
507801,5078,勇猛战士,5077,2,1,0,0,1,1,0,1,0,0,0,0,0,0,0,0,178,飓风的冷却时间减少10秒。,BraveWarrior,3,100501,507901,0
507901,5079,勇猛战士,5077,3,1,0,0,1,1,0,1,0,0,0,0,0,0,0,0,179,飓风的冷却时间减少15秒。,BraveWarrior,3,100501,508001,0
508001,5080,勇猛战士,5077,4,1,0,0,1,1,0,1,0,0,0,0,0,0,0,0,180,飓风的冷却时间减少20秒。,BraveWarrior,3,100501,0,0
520104,5201,驱雷掣电,5201,1,1,4,4,4,1,0,1,0,0,0,0,0,0,0,0,201,闪电阵的持续时间增加1秒。,ChainAttack,0,100504,520204,0
520204,5202,驱雷掣电,5201,2,1,4,4,4,1,0,1,0,0,0,0,0,0,0,0,202,闪电阵的持续时间增加2秒。,ChainAttack,0,100504,520304,0
520304,5203,驱雷掣电,5201,3,1,4,4,4,1,0,1,0,0,0,0,0,0,0,0,203,闪电阵的持续时间增加3秒。,ChainAttack,0,100504,520404,0
520404,5204,驱雷掣电,5201,4,1,4,4,4,1,0,1,0,0,0,0,0,0,0,0,204,闪电阵的持续时间增加4秒。,ChainAttack,0,100504,0,0
520504,5205,魔力闪电,5205,1,1,4,4,4,1,0,1,0,0,0,0,0,0,0,0,205,闪电阵每次命中敌人时，恢复5点SP。,MagicLightning,1,100504,520604,520104
520604,5206,魔力闪电,5205,2,1,4,4,4,1,0,1,0,0,0,0,0,0,0,0,206,闪电阵每次命中敌人时，恢复10点SP。,MagicLightning,1,100504,520704,0
520704,5207,魔力闪电,5205,3,1,4,4,4,1,0,1,0,0,0,0,0,0,0,0,207,闪电阵每次命中敌人时，恢复15点SP。,MagicLightning,1,100504,520804,0
520804,5208,魔力闪电,5205,4,1,4,4,4,1,0,1,0,0,0,0,0,0,0,0,208,闪电阵每次命中敌人时，恢复20点SP。,MagicLightning,1,100504,0,0
520904,5209,伤害叠加,5209,1,1,4,4,4,1,0,1,0,0,0,0,0,0,0,0,209,处于闪电阵内的目标，受到的伤害提高2.5%。,ContinuousLightning,2,100504,521004,520504
521004,5210,伤害叠加,5209,2,1,4,4,4,1,0,1,0,0,0,0,0,0,0,0,210,处于闪电阵内的目标，受到的伤害提高5%。,ContinuousLightning,2,100504,521104,0
521104,5211,伤害叠加,5209,3,1,4,4,4,1,0,1,0,0,0,0,0,0,0,0,211,处于闪电阵内的目标，受到的伤害提高7.5%。,ContinuousLightning,2,100504,521204,0
521204,5212,伤害叠加,5209,4,1,4,4,4,1,0,1,0,0,0,0,0,0,0,0,212,处于闪电阵内的目标，受到的伤害提高10%。,ContinuousLightning,2,100504,0,0
521304,5213,闪电诅咒,5213,1,1,4,4,4,1,0,1,0,0,0,0,0,0,0,0,213,处于闪电阵内的目标，有2.5%的几率获得“束缚”效果，持续2秒，无法移动。,ThunderCurse,3,100504,521404,520904
521404,5214,闪电诅咒,5213,2,1,4,4,4,1,0,1,0,0,0,0,0,0,0,0,214,处于闪电阵内的目标，有5%的几率获得“束缚”效果，持续2秒，无法移动。,ThunderCurse,3,100504,521504,0
521504,5215,闪电诅咒,5213,3,1,4,4,4,1,0,1,0,0,0,0,0,0,0,0,215,处于闪电阵内的目标，有7.5%的几率获得“束缚”效果，持续2秒，无法移动。,ThunderCurse,3,100504,521604,0
521604,5216,闪电诅咒,5213,4,1,4,4,4,1,0,1,0,0,0,0,0,0,0,0,216,处于闪电阵内的目标，有10%的几率获得“束缚”效果，持续2秒，无法移动。,ThunderCurse,3,100504,0,0
521704,5217,魔力护盾,5217,1,1,4,0,4,1,0,1,0,0,0,0,0,0,0,0,217,瞬间移动后获得护盾效果，减少受到的伤害5%，持续3秒。,MagicShield,0,100204,521804,0
521804,5218,魔力护盾,5217,2,1,4,0,4,1,0,1,0,0,0,0,0,0,0,0,218,瞬间移动后获得护盾效果，减少受到的伤害10%，持续3秒。,MagicShield,0,100204,521904,0
521904,5219,魔力护盾,5217,3,1,4,0,4,1,0,1,0,0,0,0,0,0,0,0,219,瞬间移动后获得护盾效果，减少受到的伤害15%，持续3秒。,MagicShield,0,100204,522004,0
522004,5220,魔力护盾,5217,4,1,4,0,4,1,0,1,0,0,0,0,0,0,0,0,220,瞬间移动后获得护盾效果，减少受到的伤害20%，持续3秒。,MagicShield,0,100204,0,0
522104,5221,魔力陷阱,5221,1,1,4,0,4,1,0,1,0,0,0,0,0,0,0,0,221,瞬间移动后有25%的概率使原地的敌对目标移动速度下降30%，持续3秒。,MagicTrap,1,100204,522204,521704
522204,5222,魔力陷阱,5221,2,1,4,0,4,1,0,1,0,0,0,0,0,0,0,0,222,瞬间移动后有50%的概率使原地的敌对目标移动速度下降30%，持续3秒。,MagicTrap,1,100204,522304,0
522304,5223,魔力陷阱,5221,3,1,4,0,4,1,0,1,0,0,0,0,0,0,0,0,223,瞬间移动后有75%的概率使原地的敌对目标移动速度下降30%，持续3秒。,MagicTrap,1,100204,522404,0
522404,5224,魔力陷阱,5221,4,1,4,0,4,1,0,1,0,0,0,0,0,0,0,0,224,瞬间移动后有100%的概率使原地的敌对目标移动速度下降30%，持续3秒。,MagicTrap,1,100204,0,0
522504,5225,魔力亲和,5225,1,1,4,0,4,1,0,1,0,0,0,0,0,0,0,0,225,释放瞬间移动后可使法师的攻击速度提高5%，持续2秒。,MagicMaster,2,100204,522604,522104
522604,5226,魔力亲和,5225,2,1,4,0,4,1,0,1,0,0,0,0,0,0,0,0,226,释放瞬间移动后可使法师的攻击速度提高10%，持续2秒。,MagicMaster,2,100204,522704,0
522704,5227,魔力亲和,5225,3,1,4,0,4,1,0,1,0,0,0,0,0,0,0,0,227,释放瞬间移动后可使法师的攻击速度提高15%，持续2秒。,MagicMaster,2,100204,522804,0
522804,5228,魔力亲和,5225,4,1,4,0,4,1,0,1,0,0,0,0,0,0,0,0,228,释放瞬间移动后可使法师的攻击速度提高20%，持续2秒。,MagicMaster,2,100204,0,0
522904,5229,技巧大师,5229,1,1,4,0,4,1,0,1,0,0,0,0,0,0,0,0,229,瞬间移动的SP消耗下降10点。,Master,3,100204,523004,522504
523004,5230,技巧大师,5229,2,1,4,0,4,1,0,1,0,0,0,0,0,0,0,0,230,瞬间移动的SP消耗下降20点。,Master,3,100204,523104,0
523104,5231,技巧大师,5229,3,1,4,0,4,1,0,1,0,0,0,0,0,0,0,0,231,瞬间移动的SP消耗下降30点。,Master,3,100204,523204,0
523204,5232,技巧大师,5229,4,1,4,0,4,1,0,1,0,0,0,0,0,0,0,0,232,瞬间移动的SP消耗下降40点。,Master,3,100204,0,0
523304,5233,刺骨寒气,5233,1,1,4,1,4,1,0,1,0,0,0,0,0,0,0,0,233,暴风冰锥有25%的几率使除Boss外的敌人受到冰霜效果，移动速度和攻击速度下降30%。,BoneChilling,0,100304,523404,0
523404,5234,刺骨寒气,5233,2,1,4,1,4,1,0,1,0,0,0,0,0,0,0,0,234,暴风冰锥有50%的几率使除Boss外的敌人受到冰霜效果，移动速度和攻击速度下降30%。,BoneChilling,0,100304,523504,0
523504,5235,刺骨寒气,5233,3,1,4,1,4,1,0,1,0,0,0,0,0,0,0,0,235,暴风冰锥有75%的几率使除Boss外的敌人受到冰霜效果，移动速度和攻击速度下降30%。,BoneChilling,0,100304,523604,0
523604,5236,刺骨寒气,5233,4,1,4,1,4,1,0,1,0,0,0,0,0,0,0,0,236,暴风冰锥有100%的几率使除Boss外的敌人受到冰霜效果，移动速度和攻击速度下降30%。,BoneChilling,0,100304,0,0
523704,5237,冰刺冲击,5237,1,1,4,1,4,1,0,1,0,0,0,0,0,0,0,0,237,释放暴风冰锥后再次点击快捷键可以释放冰刺，冰刺沿地面延伸对接触的敌人造成冰霜伤害，并击飞非Boss敌人。,IceCharge,1,100304,523804,523304
523804,5238,冰刺冲击,5237,2,1,4,1,4,1,0,1,0,0,0,0,0,0,0,0,238,释放暴风冰锥后再次点击快捷键可以释放冰刺，冰刺沿地面延伸对接触的敌人造成冰霜伤害，并击飞非Boss敌人。冰刺造成的伤害提高20%，击飞距离加大。,IceCharge,1,100304,523904,0
523904,5239,冰刺冲击,5237,3,1,4,1,4,1,0,1,0,0,0,0,0,0,0,0,239,释放暴风冰锥后再次点击快捷键可以释放冰刺，冰刺沿地面延伸对接触的敌人造成冰霜伤害，并击飞非Boss敌人。冰刺造成的伤害提高40%，击飞距离加大。,IceCharge,1,100304,524004,0
524004,5240,冰刺冲击,5237,4,1,4,1,4,1,0,1,0,0,0,0,0,0,0,0,240,释放暴风冰锥后再次点击快捷键可以释放冰刺，冰刺沿地面延伸对接触的敌人造成冰霜伤害，并击飞非Boss敌人。冰刺造成的伤害提高60%，击飞距离加大。,IceCharge,1,100304,0,0
524104,5241,冰冷寒气,5241,1,1,4,1,4,1,0,1,0,0,0,0,0,0,0,0,241,暴风冰锥造成的伤害提高15%。,ColdWind,2,100304,524204,523704
524204,5242,冰冷寒气,5241,2,1,4,1,4,1,0,1,0,0,0,0,0,0,0,0,242,暴风冰锥造成的伤害提高30%。,ColdWind,2,100304,524304,0
524304,5243,冰冷寒气,5241,3,1,4,1,4,1,0,1,0,0,0,0,0,0,0,0,243,暴风冰锥造成的伤害提高45%。,ColdWind,2,100304,524404,0
524404,5244,冰冷寒气,5241,4,1,4,1,4,1,0,1,0,0,0,0,0,0,0,0,244,暴风冰锥造成的伤害提高60%。,ColdWind,2,100304,0,0
524504,5245,寒冰魔导,5245,1,1,4,1,4,1,0,1,0,0,0,0,0,0,0,0,245,暴风冰锥的暴击几率提高5%，冰刺对Boss造成的伤害提高50%。,ColdWizard,3,100304,524604,524104
524604,5246,寒冰魔导,5245,2,1,4,1,4,1,0,1,0,0,0,0,0,0,0,0,246,暴风冰锥的暴击几率提高10%，冰刺对Boss造成的伤害提高100%。,ColdWizard,3,100304,524704,0
524704,5247,寒冰魔导,5245,3,1,4,1,4,1,0,1,0,0,0,0,0,0,0,0,247,暴风冰锥的暴击几率提高15%，，冰刺对Boss造成的伤害提高150%。,ColdWizard,3,100304,524804,0
524804,5248,寒冰魔导,5245,4,1,4,1,4,1,0,1,0,0,0,0,0,0,0,0,248,暴风冰锥的暴击几率提高20%，冰刺对Boss造成的伤害提高200%。,ColdWizard,3,100304,0,0
524904,5249,雷电使者,5249,1,1,4,4,4,1,0,1,0,0,0,0,0,0,0,0,249,被雷电术命中的目标有2.5%的几率获得“感电”效果，持续3秒，无法攻击。,ThunderMaster,0,100404,525004,0
525004,5250,雷电使者,5249,2,1,4,4,4,1,0,1,0,0,0,0,0,0,0,0,250,被雷电术命中的目标有5%的几率获得“感电”效果，持续3秒，无法攻击。,ThunderMaster,0,100404,525104,0
525104,5251,雷电使者,5249,3,1,4,4,4,1,0,1,0,0,0,0,0,0,0,0,251,被雷电术命中的目标有7.5%的几率获得“感电”效果，持续3秒，无法攻击。,ThunderMaster,0,100404,525204,0
525204,5252,雷电使者,5249,4,1,4,4,4,1,0,1,0,0,0,0,0,0,0,0,252,被雷电术命中的目标有10%的几率获得“感电”效果，持续3秒，无法攻击。,ThunderMaster,0,100404,0,0
525304,5253,雷神加护,5253,1,1,4,4,4,1,0,1,0,0,0,0,0,0,0,0,253,雷电术能够命中的目标增加1个。,ThorBless,1,100404,525404,524904
525404,5254,雷神加护,5253,2,1,4,4,4,1,0,1,0,0,0,0,0,0,0,0,254,雷电术能够命中的目标增加2个。,ThorBless,1,100404,525504,0
525504,5255,雷神加护,5253,3,1,4,4,4,1,0,1,0,0,0,0,0,0,0,0,255,雷电术能够命中的目标增加3个。,ThorBless,1,100404,525604,0
525604,5256,雷神加护,5253,4,1,4,4,4,1,0,1,0,0,0,0,0,0,0,0,256,雷电术能够命中的目标增加4个。,ThorBless,1,100404,0,0
525704,5257,快速充能,5257,1,1,4,4,4,1,0,1,0,0,0,0,0,0,0,0,257,雷电术每命中一个敌人都能使法师恢复相当于最大生命值1%的生命值。,FastCharge,2,100404,525804,525304
525804,5258,快速充能,5257,2,1,4,4,4,1,0,1,0,0,0,0,0,0,0,0,258,雷电术每命中一个敌人都能使法师恢复相当于最大生命值2%的生命值。,FastCharge,2,100404,525904,0
525904,5259,快速充能,5257,3,1,4,4,4,1,0,1,0,0,0,0,0,0,0,0,259,雷电术每命中一个敌人都能使法师恢复相当于最大生命值3%的生命值。,FastCharge,2,100404,526004,0
526004,5260,快速充能,5257,4,1,4,4,4,1,0,1,0,0,0,0,0,0,0,0,260,雷电术每命中一个敌人都能使法师恢复相当于最大生命值4%的生命值。,FastCharge,2,100404,0,0
526104,5261,雷电魔导,5261,1,1,4,4,4,1,0,1,0,0,0,0,0,0,0,0,261,雷电术对Boss造成的伤害提高25%。,ThunderWizard,3,100404,526204,525704
526204,5262,雷电魔导,5261,2,1,4,4,4,1,0,1,0,0,0,0,0,0,0,0,262,雷电术对Boss造成的伤害提高50%。,ThunderWizard,3,100404,526304,0
526304,5263,雷电魔导,5261,3,1,4,4,4,1,0,1,0,0,0,0,0,0,0,0,263,雷电术对Boss造成的伤害提高75%。,ThunderWizard,3,100404,526404,0
526404,5264,雷电魔导,5261,4,1,4,4,4,1,0,1,0,0,0,0,0,0,0,0,264,雷电术对Boss造成的伤害提高100%。,ThunderWizard,3,100404,0,0
526504,5265,火焰大师,5265,1,1,4,2,4,1,0,1,0,0,0,0,0,0,0,0,265,火球术命中敌人后恢复的SP数提高5点。,FireMaster,0,100104,526604,0
526604,5266,火焰大师,5265,2,1,4,2,4,1,0,1,0,0,0,0,0,0,0,0,266,火球术命中敌人后恢复的SP数提高10点。,FireMaster,0,100104,526704,0
526704,5267,火焰大师,5265,3,1,4,2,4,1,0,1,0,0,0,0,0,0,0,0,267,火球术命中敌人后恢复的SP数提高15点。,FireMaster,0,100104,526804,0
526804,5268,火焰大师,5265,4,1,4,2,4,1,0,1,0,0,0,0,0,0,0,0,268,火球术命中敌人后恢复的SP数提高20点。,FireMaster,0,100104,0,0
526904,5269,燃烧地带,5269,1,1,4,2,4,1,0,1,0,0,0,0,0,0,0,0,269,火球爆炸时有2.5%的概率在原地产生一个燃烧地带，燃烧地带持续4秒，处于燃烧地带内的敌人将持续受到火焰伤害。,FireZone,1,100104,527004,526504
527004,5270,燃烧地带,5269,2,1,4,2,4,1,0,1,0,0,0,0,0,0,0,0,270,火球爆炸时有5%的概率在原地产生一个燃烧地带，燃烧地带持续4秒，处于燃烧地带内的敌人将持续受到火焰伤害。,FireZone,1,100104,527104,0
527104,5271,燃烧地带,5269,3,1,4,2,4,1,0,1,0,0,0,0,0,0,0,0,271,火球爆炸时有7.5%的概率在原地产生一个燃烧地带，燃烧地带持续4秒，处于燃烧地带内的敌人将持续受到火焰伤害。,FireZone,1,100104,527204,0
527204,5272,燃烧地带,5269,4,1,4,2,4,1,0,1,0,0,0,0,0,0,0,0,272,火球爆炸时有10%的概率在原地产生一个燃烧地带，燃烧地带持续4秒，处于燃烧地带内的敌人将持续受到火焰伤害。,FireZone,1,100104,0,0
527304,5273,爆裂火焰,5273,1,1,4,2,4,1,0,1,0,0,0,0,0,0,0,0,273,火球术对boss造成的伤害提高5%。,FlameCrack,2,100104,527404,526904
527404,5274,爆裂火焰,5273,2,1,4,2,4,1,0,1,0,0,0,0,0,0,0,0,274,火球术对boss造成的伤害提高10。,FlameCrack,2,100104,527504,0
527504,5275,爆裂火焰,5273,3,1,4,2,4,1,0,1,0,0,0,0,0,0,0,0,275,火球术对boss造成的伤害提高15%。,FlameCrack,2,100104,527604,0
527604,5276,爆裂火焰,5273,4,1,4,2,4,1,0,1,0,0,0,0,0,0,0,0,276,火球术对boss造成的伤害提高20%。,FlameCrack,2,100104,0,0
527704,5277,火焰魔导,5277,1,1,4,2,4,1,0,1,0,0,0,0,0,0,0,0,277,使用火球时有10%的几率发出2发追踪火球攻击最近的敌人，被追踪火球命中的目标会获得“燃烧”效果，在8秒内持续受到火焰伤害。,FireWizard,3,100104,527804,527304
527804,5278,火焰魔导,5277,2,1,4,2,4,1,0,1,0,0,0,0,0,0,0,0,278,使用火球时有15%的几率发出2发追踪火球攻击最近的敌人，被追踪火球命中的目标会获得“燃烧”效果，在8秒内持续受到火焰伤害。,FireWizard,3,100104,527904,0
527904,5279,火焰魔导,5277,3,1,4,2,4,1,0,1,0,0,0,0,0,0,0,0,279,使用火球时有20%的几率发出2发追踪火球攻击最近的敌人，被追踪火球命中的目标会获得“燃烧”效果，在8秒内持续受到火焰伤害。,FireWizard,3,100104,528004,0
528004,5280,火焰魔导,5277,4,1,4,2,4,1,0,1,0,0,0,0,0,0,0,0,280,使用火球时有25%的几率发出2发追踪火球攻击最近的敌人，被追踪火球命中的目标会获得“燃烧”效果，在8秒内持续受到火焰伤害。,FireWizard,3,100104,0,0
540107,5401,连续射击,5401,1,1,6,0,7,1,0,1,0,0,0,0,0,0,0,0,401,释放弩箭射击时有10%的概率额外发射2只弩箭。,ContinuousShoot,0,100107,540207,0
540207,5402,连续射击,5401,2,1,6,1,7,1,0,1,0,0,0,0,0,0,0,0,402,释放弩箭射击时有15%的概率额外发射3只弩箭。,ContinuousShoot,0,100107,540307,0
540307,5403,连续射击,5401,3,1,6,1,7,1,0,1,0,0,0,0,0,0,0,0,403,释放弩箭射击时有20%的概率额外发射4只弩箭。,ContinuousShoot,0,100107,540407,0
540407,5404,连续射击,5401,4,1,6,1,7,1,0,1,0,0,0,0,0,0,0,0,404,释放弩箭射击时有25%的概率额外发射5只弩箭。,ContinuousShoot,0,100107,0,0
540507,5405,士气冲天,5405,1,1,6,0,7,1,0,1,0,0,0,0,0,0,0,0,405,基础攻击命中Boss时，额外恢复5点SP。,MoraleBurn,1,100107,540607,540107
540607,5406,士气冲天,5405,2,1,6,0,7,1,0,1,0,0,0,0,0,0,0,0,406,基础攻击命中Boss时，额外恢复10点SP。,MoraleBurn,1,100107,540707,0
540707,5407,士气冲天,5405,3,1,6,0,7,1,0,1,0,0,0,0,0,0,0,0,407,基础攻击命中Boss时，额外恢复15点SP。,MoraleBurn,1,100107,540807,0
540807,5408,士气冲天,5405,4,1,6,0,7,1,0,1,0,0,0,0,0,0,0,0,408,基础攻击命中Boss时，额外恢复20点SP。,MoraleBurn,1,100107,0,0
540907,5409,强化射击,5409,1,1,6,0,7,1,0,1,0,0,0,0,0,0,0,0,409,基础攻击命中非Boss目标后有2.5%的几率使目标束缚2秒。,StrengthenShoot,2,100107,541007,540507
541007,5410,强化射击,5409,2,1,6,0,7,1,0,1,0,0,0,0,0,0,0,0,410,基础攻击命中非Boss目标后有5%的几率使目标束缚2秒。,StrengthenShoot,2,100107,541107,0
541107,5411,强化射击,5409,3,1,6,0,7,1,0,1,0,0,0,0,0,0,0,0,411,基础攻击命中非Boss目标后有7.5%的几率使目标束缚2秒。,StrengthenShoot,2,100107,541207,0
541207,5412,强化射击,5409,4,1,6,0,7,1,0,1,0,0,0,0,0,0,0,0,412,基础攻击命中非Boss目标后有10%的几率使目标束缚2秒。,StrengthenShoot,2,100107,0,0
541307,5413,箭术大师,5413,1,1,6,0,7,1,0,1,0,0,0,0,0,0,0,0,413,基础攻击造成的伤害提高2.5%。,MasterArcher,3,100107,541407,540907
541407,5414,箭术大师,5413,2,1,6,0,7,1,0,1,0,0,0,0,0,0,0,0,414,基础攻击造成的伤害提高5%。,MasterArcher,3,100107,541507,0
541507,5415,箭术大师,5413,3,1,6,0,7,1,0,1,0,0,0,0,0,0,0,0,415,基础攻击造成的伤害提高7.5%。,MasterArcher,3,100107,541607,0
541607,5416,箭术大师,5413,4,1,6,0,7,1,0,1,0,0,0,0,0,0,0,0,416,基础攻击造成的伤害提高10%。,MasterArcher,3,100107,0,0
541707,5417,敏捷身手,5417,1,1,6,0,7,1,0,1,0,0,0,0,0,0,0,0,417,使用前冲跳跃后，攻击速度提高5%，持续3秒。,AgilityAttack,0,100207,541807,0
541807,5418,敏捷身手,5417,2,1,6,0,7,1,0,1,0,0,0,0,0,0,0,0,418,使用前冲跳跃后，攻击速度提高10%，持续3秒。,AgilityAttack,0,100207,541907,0
541907,5419,敏捷身手,5417,3,1,6,0,7,1,0,1,0,0,0,0,0,0,0,0,419,使用前冲跳跃后，攻击速度提高15%，持续3秒。,AgilityAttack,0,100207,542007,0
542007,5420,敏捷身手,5417,4,1,6,0,7,1,0,1,0,0,0,0,0,0,0,0,420,使用前冲跳跃后，攻击速度提高20%，持续3秒。,AgilityAttack,0,100207,0,0
542107,5421,闪电突袭,5421,1,1,6,0,7,1,0,1,0,0,0,0,0,0,0,0,421,使用前冲跳跃后，移动速度提高10%，持续2秒。,LightningAttack,1,100207,542207,541707
542207,5422,闪电突袭,5421,2,1,6,0,7,1,0,1,0,0,0,0,0,0,0,0,422,使用前冲跳跃后，移动速度提高20%，持续2秒。,LightningAttack,1,100207,542307,0
542307,5423,闪电突袭,5421,3,1,6,0,7,1,0,1,0,0,0,0,0,0,0,0,423,使用前冲跳跃后，移动速度提高30%，持续2秒。,LightningAttack,1,100207,542407,0
542407,5424,闪电突袭,5421,4,1,6,0,7,1,0,1,0,0,0,0,0,0,0,0,424,使用前冲跳跃后，移动速度提高40%，持续2秒。,LightningAttack,1,100207,0,0
542507,5425,危机四伏,5425,1,1,6,0,7,1,0,1,0,0,0,0,0,0,0,0,425,前冲跳跃后，闪避率提高3%，持续3秒。,GrowingCrisis,2,100207,542607,542107
542607,5426,危机四伏,5425,2,1,6,0,7,1,0,1,0,0,0,0,0,0,0,0,426,前冲跳跃后，闪避率提高6%，持续3秒。,GrowingCrisis,2,100207,542707,0
542707,5427,危机四伏,5425,3,1,6,0,7,1,0,1,0,0,0,0,0,0,0,0,427,前冲跳跃后，闪避率提高12%，持续3秒。,GrowingCrisis,2,100207,542807,0
542807,5428,危机四伏,5425,4,1,6,0,7,1,0,1,0,0,0,0,0,0,0,0,428,前冲跳跃后，闪避率提高15%，持续3秒。,GrowingCrisis,2,100207,0,0
542907,5429,技巧大师,5429,1,1,6,0,7,1,0,1,0,0,0,0,0,0,0,0,429,前冲跳跃的SP消耗下降10点。,Master,3,100207,543007,542507
543007,5430,技巧大师,5429,2,1,6,0,7,1,0,1,0,0,0,0,0,0,0,0,430,前冲跳跃的SP消耗下降20点。,Master,3,100207,543107,0
543107,5431,技巧大师,5429,3,1,6,0,7,1,0,1,0,0,0,0,0,0,0,0,431,前冲跳跃的SP消耗下降30点。,Master,3,100207,543207,0
543207,5432,技巧大师,5429,4,1,6,0,7,1,0,1,0,0,0,0,0,0,0,0,432,前冲跳跃的SP消耗下降40点。,Master,3,100207,0,0
543307,5433,熟能生巧,5433,1,1,6,0,7,1,0,1,0,0,0,0,0,0,0,0,433,齐射释放完后继续点击技能可以释放穿透箭，发出3只强大的箭矢，对路径上的所有目标造成伤害。,SkillfulSalvo,0,100307,543407,0
543407,5434,熟能生巧,5433,2,1,6,0,7,1,0,1,0,0,0,0,0,0,0,0,434,齐射释放完后继续点击技能可以释放穿透箭，发出3只强大的箭矢，对路径上的所有目标造成伤害。齐射和穿透箭造成的伤害提高20%。,SkillfulSalvo,0,100307,543507,0
543507,5435,熟能生巧,5433,3,1,6,0,7,1,0,1,0,0,0,0,0,0,0,0,435,齐射释放完后继续点击技能可以释放穿透箭，发出3只强大的箭矢，对路径上的所有目标造成伤害。齐射和穿透箭造成的伤害提高40%。,SkillfulSalvo,0,100307,543607,0
543607,5436,熟能生巧,5433,4,1,6,0,7,1,0,1,0,0,0,0,0,0,0,0,436,齐射释放完后继续点击技能可以释放穿透箭，发出3只强大的箭矢，对路径上的所有目标造成伤害。齐射和穿透箭造成的伤害提高60%。,SkillfulSalvo,0,100307,0,0
543707,5437,集体杀伤,5437,1,1,6,0,7,1,0,1,0,0,0,0,0,0,0,0,437,齐射的飞行体数量增加1个。,CollectiveSalvo,1,100307,543807,543307
543807,5438,集体杀伤,5437,2,1,6,0,7,1,0,1,0,0,0,0,0,0,0,0,438,齐射的飞行体数量增加2个。,CollectiveSalvo,1,100307,543907,0
543907,5439,集体杀伤,5437,3,1,6,0,7,1,0,1,0,0,0,0,0,0,0,0,439,齐射的飞行体数量增加3个。,CollectiveSalvo,1,100307,544007,0
544007,5440,集体杀伤,5437,4,1,6,0,7,1,0,1,0,0,0,0,0,0,0,0,440,齐射的飞行体数量增加4个。,CollectiveSalvo,1,100307,0,0
544107,5441,聚精会神,5441,1,1,6,0,7,1,0,1,0,0,0,0,0,0,0,0,441,齐射的暴击几率提高2.5%。,AttentivelySalvo,2,100307,544207,543707
544207,5442,聚精会神,5441,2,1,6,0,7,1,0,1,0,0,0,0,0,0,0,0,442,齐射的暴击几率提高5%。,AttentivelySalvo,2,100307,544307,0
544307,5443,聚精会神,5441,3,1,6,0,7,1,0,1,0,0,0,0,0,0,0,0,443,齐射的暴击几率提高7.5%。,AttentivelySalvo,2,100307,544407,0
544407,5444,聚精会神,5441,4,1,6,0,7,1,0,1,0,0,0,0,0,0,0,0,444,齐射的暴击几率提高10%。,AttentivelySalvo,2,100307,0,0
544507,5445,狩猎时刻,5445,1,1,6,0,7,1,0,1,0,0,0,0,0,0,0,0,445,穿透箭命中时使目标获得“破甲”效果，防御力降低2.5%，持续5秒。,HuntingTime,3,100307,544607,544107
544607,5446,狩猎时刻,5445,2,1,6,0,7,1,0,1,0,0,0,0,0,0,0,0,446,穿透箭命中时使目标获得“破甲”效果，防御力降低5%，持续5秒。,HuntingTime,3,100307,544707,0
544707,5447,狩猎时刻,5445,3,1,6,0,7,1,0,1,0,0,0,0,0,0,0,0,447,穿透箭命中时使目标获得“破甲”效果，防御力降低7.5%，持续5秒。,HuntingTime,3,100307,544807,0
544807,5448,狩猎时刻,5445,4,1,6,0,7,1,0,1,0,0,0,0,0,0,0,0,448,穿透箭命中时使目标获得“破甲”效果，防御力降低10%，持续5秒。,HuntingTime,3,100307,0,0
544907,5449,神秘猎手,5449,1,1,6,0,7,1,0,1,0,0,0,0,0,0,0,0,449,移动射击的SP消耗下降50点。,MysteriousHunter,0,100407,545007,0
545007,5450,神秘猎手,5449,2,1,6,0,7,1,0,1,0,0,0,0,0,0,0,0,450,移动射击的SP消耗下降100点。,MysteriousHunter,0,100407,545107,0
545107,5451,神秘猎手,5449,3,1,6,0,7,1,0,1,0,0,0,0,0,0,0,0,451,移动射击的SP消耗下降150点。,MysteriousHunter,0,100407,545207,0
545207,5452,神秘猎手,5449,4,1,6,0,7,1,0,1,0,0,0,0,0,0,0,0,452,移动射击的SP消耗下降200点。,MysteriousHunter,0,100407,0,0
545307,5453,鹰眼射击,5453,1,1,6,0,7,1,0,1,0,0,0,0,0,0,0,0,453,移动射击后，游侠的暴击率提高5%，持续3秒。,HawkeyeShoot,1,100407,545407,544907
545407,5454,鹰眼射击,5453,2,1,6,0,7,1,0,1,0,0,0,0,0,0,0,0,454,移动射击后，游侠的暴击率提高10%，持续3秒。,HawkeyeShoot,1,100407,545507,0
545507,5455,鹰眼射击,5453,3,1,6,0,7,1,0,1,0,0,0,0,0,0,0,0,455,移动射击后，游侠的暴击率提高15%，持续3秒。,HawkeyeShoot,1,100407,545607,0
545607,5456,鹰眼射击,5453,4,1,6,0,7,1,0,1,0,0,0,0,0,0,0,0,456,移动射击后，游侠的暴击率提高20%，持续3秒。,HawkeyeShoot,1,100407,0,0
545707,5457,撒菱攻击,5457,1,1,6,0,7,1,0,1,0,0,0,0,0,0,0,0,457,移动射击暴击后有使目标束缚1.5秒。,TrapAttack,2,100407,545807,545307
545807,5458,撒菱攻击,5457,2,1,6,0,7,1,0,1,0,0,0,0,0,0,0,0,458,移动射击暴击后有使目标束缚2秒。,TrapAttack,2,100407,545907,0
545907,5459,撒菱攻击,5457,3,1,6,0,7,1,0,1,0,0,0,0,0,0,0,0,459,移动射击暴击后有使目标束缚2.5秒。,TrapAttack,2,100407,546007,0
546007,5460,撒菱攻击,5457,4,1,6,0,7,1,0,1,0,0,0,0,0,0,0,0,460,移动射击暴击后有使目标束缚3秒。,TrapAttack,2,100407,0,0
546107,5461,百步穿杨,5461,1,1,6,0,7,1,0,1,0,0,0,0,0,0,0,0,461,移动射击的暴击几率提高25%。,ArrowExplosion,3,100407,546207,545707
546207,5462,百步穿杨,5461,2,1,6,0,7,1,0,1,0,0,0,0,0,0,0,0,462,移动射击的暴击几率提高50%。,ArrowExplosion,3,100407,546307,0
546307,5463,百步穿杨,5461,3,1,6,0,7,1,0,1,0,0,0,0,0,0,0,0,463,移动射击的暴击几率提高75%。,ArrowExplosion,3,100407,546407,0
546407,5464,百步穿杨,5461,4,1,6,0,7,1,0,1,0,0,0,0,0,0,0,0,464,移动射击的暴击几率提高100%。,ArrowExplosion,3,100407,0,0
546507,5465,暴风箭雨,5465,1,1,6,0,7,1,0,1,0,0,0,0,0,0,0,0,465,箭雨释放后继续点击技能，可以释放暴风箭雨，向前方发出7只箭矢对敌人造成伤害。,ArrowStorm,0,100507,546607,0
546607,5466,暴风箭雨,5465,2,1,6,0,7,1,0,1,0,0,0,0,0,0,0,0,466,箭雨释放后继续点击技能，可以释放暴风箭雨，向前方发出7只箭矢对敌人造成伤害。箭雨和暴风箭雨造成的伤害提高20%。,ArrowStorm,0,100507,546707,0
546707,5467,暴风箭雨,5465,3,1,6,0,7,1,0,1,0,0,0,0,0,0,0,0,467,箭雨释放后继续点击技能，可以释放暴风箭雨，向前方发出7只箭矢对敌人造成伤害。箭雨和暴风箭雨造成的伤害提高40%。,ArrowStorm,0,100507,546807,0
546807,5468,暴风箭雨,5465,4,1,6,0,7,1,0,1,0,0,0,0,0,0,0,0,468,箭雨释放后继续点击技能，可以释放暴风箭雨，向前方发出7只箭矢对敌人造成伤害。箭雨和暴风箭雨造成的伤害提高60%。,ArrowStorm,0,100507,0,0
546907,5469,落井下石,5469,1,1,6,0,7,1,0,1,0,0,0,0,0,0,0,0,469,箭雨和暴风箭雨命中Boss时，会使Boss受到的伤害提高10%，持续5秒。,HitDown,1,100507,547007,546507
547007,5470,落井下石,5469,2,1,6,0,7,1,0,1,0,0,0,0,0,0,0,0,470,箭雨和暴风箭雨命中Boss时，会使Boss受到的伤害提高10%，持续10秒。,HitDown,1,100507,547107,0
547107,5471,落井下石,5469,3,1,6,0,7,1,0,1,0,0,0,0,0,0,0,0,471,箭雨和暴风箭雨命中Boss时，会使Boss受到的伤害提高10%，持续15秒。,HitDown,1,100507,547207,0
547207,5472,落井下石,5469,4,1,6,0,7,1,0,1,0,0,0,0,0,0,0,0,472,箭雨和暴风箭雨命中Boss时，会使Boss受到的伤害提高10%，持续20秒。,HitDown,1,100507,0,0
547307,5473,刺穿攻击,5473,1,1,6,0,7,1,0,1,0,0,0,0,0,0,0,0,473,被箭雨命中的非Boss敌人有25%的概率昏迷4秒。,PiercingShoot,2,100507,547407,546907
547407,5474,刺穿攻击,5473,2,1,6,0,7,1,0,1,0,0,0,0,0,0,0,0,474,被箭雨命中的非Boss敌人有50%的概率昏迷4秒。,PiercingShoot,2,100507,547507,0
547507,5475,刺穿攻击,5473,3,1,6,0,7,1,0,1,0,0,0,0,0,0,0,0,475,被箭雨命中的非Boss敌人有75%的概率昏迷4秒。,PiercingShoot,2,100507,547607,0
547607,5476,刺穿攻击,5473,4,1,6,0,7,1,0,1,0,0,0,0,0,0,0,0,476,被箭雨命中的非Boss敌人有100%的概率昏迷4秒。,PiercingShoot,2,100507,0,0
547707,5477,攻势如潮,5477,1,1,6,0,7,1,0,1,0,0,0,0,0,0,0,0,477,箭雨的冷却时间下降5秒。,OffensiveRise,3,100507,547807,547307
547807,5478,攻势如潮,5477,2,1,6,0,7,1,0,1,0,0,0,0,0,0,0,0,478,箭雨的冷却时间下降10秒。,OffensiveRise,3,100507,547907,0
547907,5479,攻势如潮,5477,3,1,6,0,7,1,0,1,0,0,0,0,0,0,0,0,479,箭雨的冷却时间下降15秒。,OffensiveRise,3,100507,548007,0
548007,5480,攻势如潮,5477,4,1,6,0,7,1,0,1,0,0,0,0,0,0,0,0,480,箭雨的冷却时间下降20秒。,OffensiveRise,3,100507,0,0
560110,5601,鞭笞攻击,5601,1,1,1,0,10,1,0,1,0,0,0,0,0,0,0,0,601,基础攻击时，有2%的概率使除Boss以外的敌人昏迷。,WhipLash,0,100110,560210,0
560210,5602,鞭笞攻击,5601,2,1,1,1,10,1,0,1,0,0,0,0,0,0,0,0,602,基础攻击时，有4%的概率使除Boss以外的敌人昏迷。,WhipLash,0,100110,560310,0
560310,5603,鞭笞攻击,5601,3,1,1,1,10,1,0,1,0,0,0,0,0,0,0,0,603,基础攻击时，有6%的概率使除Boss以外的敌人昏迷。,WhipLash,0,100110,560410,0
560410,5604,鞭笞攻击,5601,4,1,1,1,10,1,0,1,0,0,0,0,0,0,0,0,604,基础攻击时，有8%的概率使除Boss以外的敌人昏迷。,WhipLash,0,100110,0,0
560510,5605,神圣意志,5605,1,1,1,0,10,1,0,1,0,0,0,0,0,0,0,0,605,基础攻击有5%的概率触发神圣意志，对半径5米内的所有目标造成相当于攻击力100%的伤害。,HolySpirit,1,100110,560610,560110
560610,5606,神圣意志,5605,2,1,1,0,10,1,0,1,0,0,0,0,0,0,0,0,606,基础攻击有10%的概率触发神圣意志，对半径5米内的所有目标造成相当于攻击力100%的伤害。,HolySpirit,1,100110,560710,0
560710,5607,神圣意志,5605,3,1,1,0,10,1,0,1,0,0,0,0,0,0,0,0,607,基础攻击有15%的概率触发神圣意志，对半径5米内的所有目标造成相当于攻击力100%的伤害。,HolySpirit,1,100110,560810,0
560810,5608,神圣意志,5605,4,1,1,0,10,1,0,1,0,0,0,0,0,0,0,0,608,基础攻击有20%的概率触发神圣意志，对半径5米内的所有目标造成相当于攻击力100%的伤害。,HolySpirit,1,100110,0,0
560910,5609,生命源泉,5609,1,1,1,0,10,1,0,1,0,0,0,0,0,0,0,0,609,普通攻击命中时使自己恢复相当于攻击力1%的生命值。,RecoverFountain,2,100110,561010,560510
561010,5610,生命源泉,5609,2,1,1,0,10,1,0,1,0,0,0,0,0,0,0,0,610,普通攻击命中时使自己恢复相当于攻击力2%的生命值。,RecoverFountain,2,100110,561110,0
561110,5611,生命源泉,5609,3,1,1,0,10,1,0,1,0,0,0,0,0,0,0,0,611,普通攻击命中时使自己恢复相当于攻击力3%的生命值。,RecoverFountain,2,100110,561210,0
561210,5612,生命源泉,5609,4,1,1,0,10,1,0,1,0,0,0,0,0,0,0,0,612,普通攻击命中时使自己恢复相当于攻击力4%的生命值。,RecoverFountain,2,100110,0,0
561310,5613,刻印爆炸,5613,1,1,1,0,10,1,0,1,0,0,0,0,0,0,0,0,613,基础攻击、回旋攻击命中带有刻印的敌人时，有25%的概率引发刻印爆炸，对敌人造成雷电伤害，对Boss将造成双倍爆炸伤害。,StampExplosion,3,100110,561410,560910
561410,5614,刻印爆炸,5613,2,1,1,0,10,1,0,1,0,0,0,0,0,0,0,0,614,基础攻击、回旋攻击命中带有刻印的敌人时，有50%的概率引发刻印爆炸，对敌人造成雷电伤害，对Boss将造成双倍爆炸伤害。,StampExplosion,3,100110,561510,0
561510,5615,刻印爆炸,5613,3,1,1,0,10,1,0,1,0,0,0,0,0,0,0,0,615,基础攻击、回旋攻击命中带有刻印的敌人时，有75%的概率引发刻印爆炸，对敌人造成雷电伤害，对Boss将造成双倍爆炸伤害。,StampExplosion,3,100110,561610,0
561610,5616,刻印爆炸,5613,4,1,1,0,10,1,0,1,0,0,0,0,0,0,0,0,616,基础攻击、回旋攻击命中带有刻印的敌人时，有100%的概率引发刻印爆炸，对敌人造成雷电伤害，对Boss将造成双倍爆炸伤害。,StampExplosion,3,100110,0,0
561710,5617,神圣守御,5617,1,1,1,0,10,1,0,1,0,0,0,0,0,0,0,0,617,紧急回避后，防御力提高5%，持续3秒。,HolyDefense,0,100210,561810,0
561810,5618,神圣守御,5617,2,1,1,0,10,1,0,1,0,0,0,0,0,0,0,0,618,紧急回避后，防御力提高10%，持续3秒。,HolyDefense,0,100210,561910,0
561910,5619,神圣守御,5617,3,1,1,0,10,1,0,1,0,0,0,0,0,0,0,0,619,紧急回避后，防御力提高15%，持续3秒。,HolyDefense,0,100210,562010,0
562010,5620,神圣守御,5617,4,1,1,0,10,1,0,1,0,0,0,0,0,0,0,0,620,紧急回避后，防御力提高20%，持续3秒。,HolyDefense,0,100210,0,0
562110,5621,神圣步伐,5621,1,1,1,0,10,1,0,1,0,0,0,0,0,0,0,0,621,紧急回避后，移动速度提高10%，持续1秒。,HolyPace,1,100210,562210,561710
562210,5622,神圣步伐,5621,2,1,1,0,10,1,0,1,0,0,0,0,0,0,0,0,622,紧急回避后，移动速度提高20%，持续1秒。,HolyPace,1,100210,562310,0
562310,5623,神圣步伐,5621,3,1,1,0,10,1,0,1,0,0,0,0,0,0,0,0,623,紧急回避后，移动速度提高30%，持续1秒。,HolyPace,1,100210,562410,0
562410,5624,神圣步伐,5621,4,1,1,0,10,1,0,1,0,0,0,0,0,0,0,0,624,紧急回避后，移动速度提高40%，持续1秒。,HolyPace,1,100210,0,0
562510,5625,狂风骤雨,5625,1,1,1,0,10,1,0,1,0,0,0,0,0,0,0,0,625,紧急回避释放后，有25%的概率对周围的敌人刻印。,StormStamp,2,100210,562610,562110
562610,5626,狂风骤雨,5625,2,1,1,0,10,1,0,1,0,0,0,0,0,0,0,0,626,紧急回避释放后，有50%的概率对周围的敌人刻印。,StormStamp,2,100210,562710,0
562710,5627,狂风骤雨,5625,3,1,1,0,10,1,0,1,0,0,0,0,0,0,0,0,627,紧急回避释放后，有75%的概率对周围的敌人刻印。,StormStamp,2,100210,562810,0
562810,5628,狂风骤雨,5625,4,1,1,0,10,1,0,1,0,0,0,0,0,0,0,0,628,紧急回避释放后，有100%的概率对周围的敌人刻印。,StormStamp,2,100210,0,0
562910,5629,技巧大师,5629,1,1,1,0,10,1,0,1,0,0,0,0,0,0,0,0,629,紧急回避的SP消耗下降10点。,Master,3,100210,563010,562510
563010,5630,技巧大师,5629,2,1,1,0,10,1,0,1,0,0,0,0,0,0,0,0,630,紧急回避的SP消耗下降20点。,Master,3,100210,563110,0
563110,5631,技巧大师,5629,3,1,1,0,10,1,0,1,0,0,0,0,0,0,0,0,631,紧急回避的SP消耗下降30点。,Master,3,100210,563210,0
563210,5632,技巧大师,5629,4,1,1,0,10,1,0,1,0,0,0,0,0,0,0,0,632,紧急回避的SP消耗下降40点。,Master,3,100210,0,0
563310,5633,刻印打击,5633,1,1,1,0,10,1,0,1,0,0,0,0,0,0,0,0,633,审判命中时有25%的概率使目标获得“刻印”，在10秒内持续受到伤害。,StampShock,0,100310,563410,0
563410,5634,刻印打击,5633,2,1,1,0,10,1,0,1,0,0,0,0,0,0,0,0,634,审判命中时有50%的概率使目标获得“刻印”，在10秒内持续受到伤害。,StampShock,0,100310,563510,0
563510,5635,刻印打击,5633,3,1,1,0,10,1,0,1,0,0,0,0,0,0,0,0,635,审判命中时有75%的概率使目标获得“刻印”，在10秒内持续受到伤害。,StampShock,0,100310,563610,0
563610,5636,刻印打击,5633,4,1,1,0,10,1,0,1,0,0,0,0,0,0,0,0,636,审判命中时有100%的概率使目标获得“刻印”，在10秒内持续受到伤害。,StampShock,0,100310,0,0
563710,5637,治愈审判,5637,1,1,1,0,10,1,0,1,0,0,0,0,0,0,0,0,637,使用审判时，能够使周围最多3个友方目标恢复一定的生命值。,HealTrial,1,100310,563810,563310
563810,5638,治愈审判,5637,2,1,1,0,10,1,0,1,0,0,0,0,0,0,0,0,638,使用审判时，能够使周围最多3个友方目标恢复一定的生命值。审判能够恢复的生命值提高100%。,HealTrial,1,100310,563910,0
563910,5639,治愈审判,5637,3,1,1,0,10,1,0,1,0,0,0,0,0,0,0,0,639,使用审判时，能够使周围最多3个友方目标恢复一定的生命值。审判能够恢复的生命值提高200%。,HealTrial,1,100310,564010,0
564010,5640,治愈审判,5637,4,1,1,0,10,1,0,1,0,0,0,0,0,0,0,0,640,使用审判时，能够使周围最多3个友方目标恢复一定的生命值。审判能够恢复的生命值提高300%。,HealTrial,1,100310,0,0
564110,5641,无情审判,5641,1,1,1,0,10,1,0,1,0,0,0,0,0,0,0,0,641,使用审判时，有10%的概率使除Boss外的目标进入睡眠。（刻印效果不会打醒目标）,StunTrial,2,100310,564210,563710
564210,5642,无情审判,5641,2,1,1,0,10,1,0,1,0,0,0,0,0,0,0,0,642,使用审判时，有20%的概率使除Boss外的目标进入睡眠。（刻印效果不会打醒目标）,StunTrial,2,100310,564310,0
564310,5643,无情审判,5641,3,1,1,0,10,1,0,1,0,0,0,0,0,0,0,0,643,使用审判时，有30%的概率使除Boss外的目标进入睡眠。（刻印效果不会打醒目标）,StunTrial,2,100310,564410,0
564410,5644,无情审判,5641,4,1,1,0,10,1,0,1,0,0,0,0,0,0,0,0,644,使用审判时，有40%的概率使除Boss外的目标进入睡眠。（刻印效果不会打醒目标）,StunTrial,2,100310,0,0
564510,5645,神圣责罚,5645,1,1,1,0,10,1,0,1,0,0,0,0,0,0,0,0,645,审判能够影响的目标数量增加1个。,HolyTrial,3,100310,564610,564110
564610,5646,神圣责罚,5645,2,1,1,0,10,1,0,1,0,0,0,0,0,0,0,0,646,审判能够影响的目标数量增加2个。,HolyTrial,3,100310,564710,0
564710,5647,神圣责罚,5645,3,1,1,0,10,1,0,1,0,0,0,0,0,0,0,0,647,审判能够影响的目标数量增加3个。,HolyTrial,3,100310,564810,0
564810,5648,神圣责罚,5645,4,1,1,0,10,1,0,1,0,0,0,0,0,0,0,0,648,审判能够影响的目标数量增加5个。,HolyTrial,3,100310,0,0
564910,5649,眩晕打击,5649,1,1,1,0,10,1,0,1,0,0,0,0,0,0,0,0,649,回旋连击的最后一击有25%的概率使除Boss外的敌人昏迷，10%的概率使Boss昏迷。,StunShock,0,100410,565010,0
565010,5650,眩晕打击,5649,2,1,1,0,10,1,0,1,0,0,0,0,0,0,0,0,650,回旋连击的最后一击有50%的概率使除Boss外的敌人昏迷，20%的概率使Boss昏迷。,StunShock,0,100410,565110,0
565110,5651,眩晕打击,5649,3,1,1,0,10,1,0,1,0,0,0,0,0,0,0,0,651,回旋连击的最后一击有75%的概率使除Boss外的敌人昏迷，30%的概率使Boss昏迷。,StunShock,0,100410,565210,0
565210,5652,眩晕打击,5649,4,1,1,0,10,1,0,1,0,0,0,0,0,0,0,0,652,回旋连击的最后一击有100%的概率使除Boss外的敌人昏迷，40%的概率使Boss昏迷。,StunShock,0,100410,0,0
565310,5653,神圣冲击,5653,1,1,1,0,10,1,0,1,0,0,0,0,0,0,0,0,653,回旋连击的暴击率提高2.5%。,HolyStrike,1,100410,565410,564910
565410,5654,神圣冲击,5653,2,1,1,0,10,1,0,1,0,0,0,0,0,0,0,0,654,回旋连击的暴击率提高5%。,HolyStrike,1,100410,565510,0
565510,5655,神圣冲击,5653,3,1,1,0,10,1,0,1,0,0,0,0,0,0,0,0,655,回旋连击的暴击率提高7.5%。,HolyStrike,1,100410,565610,0
565610,5656,神圣冲击,5653,4,1,1,0,10,1,0,1,0,0,0,0,0,0,0,0,656,回旋连击的暴击率提高10%。,HolyStrike,1,100410,0,0
565710,5657,神圣铁拳,5657,1,1,1,0,10,1,0,1,0,0,0,0,0,0,0,0,657,攻击处于睡眠状态的敌人时，伤害提高10%。,HolyPunch,2,100410,565810,565310
565810,5658,神圣铁拳,5657,2,1,1,0,10,1,0,1,0,0,0,0,0,0,0,0,658,攻击处于睡眠状态的敌人时，伤害提高20%。,HolyPunch,2,100410,565910,0
565910,5659,神圣铁拳,5657,3,1,1,0,10,1,0,1,0,0,0,0,0,0,0,0,659,攻击处于睡眠状态的敌人时，伤害提高30%。,HolyPunch,2,100410,566010,0
566010,5660,神圣铁拳,5657,4,1,1,0,10,1,0,1,0,0,0,0,0,0,0,0,660,攻击处于睡眠状态的敌人时，伤害提高40%。,HolyPunch,2,100410,0,0
566110,5661,聚力猛击,5661,1,1,1,0,10,1,0,1,0,0,0,0,0,0,0,0,661,回旋连击的第二击造成的伤害提高12.5%，第三击造成的伤害提高25%。,ChargingShock,3,100410,566210,565710
566210,5662,聚力猛击,5661,2,1,1,0,10,1,0,1,0,0,0,0,0,0,0,0,662,回旋连击的第二击造成的伤害提高25%，第三击造成的伤害提高50%。,ChargingShock,3,100410,566310,0
566310,5663,聚力猛击,5661,3,1,1,0,10,1,0,1,0,0,0,0,0,0,0,0,663,回旋连击的第二击造成的伤害提高37.5%，第三击造成的伤害提高75%。,ChargingShock,3,100410,566410,0
566410,5664,聚力猛击,5661,4,1,1,0,10,1,0,1,0,0,0,0,0,0,0,0,664,回旋连击的第二击造成的伤害提高50%，第三击造成的伤害提高100%。,ChargingShock,3,100410,0,0
566510,5665,圣职盟誓,5665,1,1,1,0,10,1,0,1,0,0,0,0,0,0,0,0,665,神圣破袭的防御力降低效果增加2.5%。,HolyOrders,0,100510,566610,0
566610,5666,圣职盟誓,5665,2,1,1,0,10,1,0,1,0,0,0,0,0,0,0,0,666,神圣破袭的防御力降低效果增加5%。,HolyOrders,0,100510,566710,0
566710,5667,圣职盟誓,5665,3,1,1,0,10,1,0,1,0,0,0,0,0,0,0,0,667,神圣破袭的防御力降低效果增加7.5%。,HolyOrders,0,100510,566810,0
566810,5668,圣职盟誓,5665,4,1,1,0,10,1,0,1,0,0,0,0,0,0,0,0,668,神圣破袭的防御力降低效果增加10%。,HolyOrders,0,100510,0,0
566910,5669,灵魂安眠,5669,1,1,1,0,10,1,0,1,0,0,0,0,0,0,0,0,669,使用神圣破袭时，有25%的概率使除Boss外的敌人陷入睡眠状态。,SpiritLullaby,1,100510,567010,566510
567010,5670,灵魂安眠,5669,2,1,1,0,10,1,0,1,0,0,0,0,0,0,0,0,670,使用神圣破袭时，有50%的概率使除Boss外的敌人陷入睡眠状态。,SpiritLullaby,1,100510,567110,0
567110,5671,灵魂安眠,5669,3,1,1,0,10,1,0,1,0,0,0,0,0,0,0,0,671,使用神圣破袭时，有75%的概率使除Boss外的敌人陷入睡眠状态。,SpiritLullaby,1,100510,567210,0
567210,5672,灵魂安眠,5669,4,1,1,0,10,1,0,1,0,0,0,0,0,0,0,0,672,使用神圣破袭时，有100%的概率使除Boss外的敌人陷入睡眠状态。,SpiritLullaby,1,100510,0,0
567310,5673,刻印冲击,5673,1,1,1,0,10,1,0,1,0,0,0,0,0,0,0,0,673,神圣破袭有25%的概率使目标获得“刻印”，在10秒内持续受到伤害。,StampShock,2,100510,567410,566910
567410,5674,刻印冲击,5673,2,1,1,0,10,1,0,1,0,0,0,0,0,0,0,0,674,神圣破袭有50%的概率使目标获得“刻印”，在10秒内持续受到伤害。,StampShock,2,100510,567510,0
567510,5675,刻印冲击,5673,3,1,1,0,10,1,0,1,0,0,0,0,0,0,0,0,675,神圣破袭有75%的概率使目标获得“刻印”，在10秒内持续受到伤害。,StampShock,2,100510,567610,0
567610,5676,刻印冲击,5673,4,1,1,0,10,1,0,1,0,0,0,0,0,0,0,0,676,神圣破袭有100%的概率使目标获得“刻印”，在10秒内持续受到伤害。,StampShock,2,100510,0,0
567710,5677,神圣力量,5677,1,1,1,0,10,1,0,1,0,0,0,0,0,0,0,0,677,神圣破袭对Boss造成的伤害提高10%，释放时恢复100点SP。,HolyPower,3,100510,567810,567310
567810,5678,神圣力量,5677,2,1,1,0,10,1,0,1,0,0,0,0,0,0,0,0,678,神圣破袭对Boss造成的伤害提高20%，释放时恢复200点SP。,HolyPower,3,100510,567910,0
567910,5679,神圣力量,5677,3,1,1,0,10,1,0,1,0,0,0,0,0,0,0,0,679,神圣破袭对Boss造成的伤害提高30%，释放时恢复300点SP。,HolyPower,3,100510,568010,0
568010,5680,神圣力量,5677,4,1,1,0,10,1,0,1,0,0,0,0,0,0,0,0,680,神圣破袭对Boss造成的伤害提高40%，释放时恢复400点SP。,HolyPower,3,100510,0,0
